npm warn Unknown user config "always-auth". This will stop working in the next major version of npm. See `npm help npmrc` for supported config options.
npm notice run paynalton.tech@0.0.1 verify:candidate
npm notice run npm run verify && npm run test:security && npm run verify:design && npm run verify:static && npm run test:performance && npm run record:candidate
npm warn Unknown env config "always-auth". This will error in a future major version of npm. See `npm help npmrc` for supported config options.
npm warn Unknown user config "always-auth". This will stop working in the next major version of npm. See `npm help npmrc` for supported config options.
npm notice run paynalton.tech@0.0.1 verify
npm notice run npm run check && npm run check:content && npm run test:content && npm run test:editorial && npm run build && npm run check:content-artifact && npm run check:exports && npm run check:search && npm run check:publication && npm run check:effects && npm run test:e2e
npm warn Unknown env config "always-auth". This will error in a future major version of npm. See `npm help npmrc` for supported config options.
npm warn Unknown user config "always-auth". This will stop working in the next major version of npm. See `npm help npmrc` for supported config options.
npm notice run paynalton.tech@0.0.1 check
npm notice run astro check
23:22:24 [content] Syncing content
23:22:24 [WARN] [glob-loader] The base directory "/home/paynalton/Proyectos/paynalton.com/src/content/blog/" does not exist.
23:22:24 [content] Synced content
23:22:24 [types] Generated 422ms
23:22:24 [check] Getting diagnostics for Astro files in /home/paynalton/Proyectos/paynalton.com...
[96msrc/components/index/jobs.astro[0m:[93m3[0m:[93m12[0m - [93mwarning[0m[90m ts(6133): [0m'lang' is declared but its value is never read.

[7m3[0m const { t, lang } = Astro.props;
[7m [0m [93m           ~~~~[0m

[96msrc/components/index/profile.astro[0m:[93m2[0m:[93m12[0m - [93mwarning[0m[90m ts(6133): [0m'lang' is declared but its value is never read.

[7m2[0m const { t, lang } = Astro.props;
[7m [0m [93m           ~~~~[0m

[96msrc/components/index/softskills.astro[0m:[93m3[0m:[93m12[0m - [93mwarning[0m[90m ts(6133): [0m'lang' is declared but its value is never read.

[7m3[0m const { t, lang } = Astro.props;
[7m [0m [93m           ~~~~[0m

Result (124 files): 
- 0 errors
- 0 warnings
- 3 hints

npm warn Unknown env config "always-auth". This will error in a future major version of npm. See `npm help npmrc` for supported config options.
npm warn Unknown user config "always-auth". This will stop working in the next major version of npm. See `npm help npmrc` for supported config options.
npm notice run paynalton.tech@0.0.1 check:content
npm notice run node scripts/check-content.mjs
es: 319 entradas públicas; diccionario y relaciones válidos.
npm warn Unknown env config "always-auth". This will error in a future major version of npm. See `npm help npmrc` for supported config options.
npm warn Unknown user config "always-auth". This will stop working in the next major version of npm. See `npm help npmrc` for supported config options.
npm notice run paynalton.tech@0.0.1 test:content
npm notice run node --test tests/content/*.test.mjs
✔ implemented colors preserve the 42 approved RGBA tokens (4.662367ms)
✔ review content is opt-in and clears cached examples when returning to production (193.873017ms)
✔ approved corpus is complete, consolidated, selectable and discoverable (31.681288ms)
✔ withheld works and supporting files cannot enter the public corpus (28.222082ms)
✔ coauthorship, partial manuscripts, series and safe public downloads retain their meaning (251.23378ms)
✔ project export allows only public facts and preserves source precision (84.335618ms)
✔ drafts, examples, unavailable translations and private relations cannot export (65.655254ms)
✔ canonical URLs cannot escape the configured origin or execute code (0.392188ms)
✔ metadata cannot introduce links, HTML or headings into Markdown (0.185336ms)
✔ synthetic journey collection is emptied when returning to a normal build (32.045773ms)
✔ real sample uses one publication projection and keeps the book example private (22.967268ms)
✔ public copies cannot mutate repository state (2.389858ms)
✔ drafts and deferred entries are excluded and inbound relations pruned (10.456696ms)
✔ an explicitly excluded entity cannot be marked public (1.052774ms)
✔ selection changes order and featured placement without touching templates (4.79564ms)
✔ synthetic translation changes dictionaries and config, not templates or IDs (5.222571ms)
✔ missing editorial translation does not fabricate a page or language option (5.591003ms)
✔ disabled translation is never published even with complete dictionaries (2.591117ms)
✔ rejects duplicate ID (1.168369ms)
✔ rejects duplicate route (1.81035ms)
✔ rejects missing reference (0.720223ms)
✔ rejects wrong relationship type (0.832571ms)
✔ rejects duplicate selection (0.861422ms)
✔ rejects wrong selection type (0.671376ms)
✔ rejects featured outside catalog (0.835339ms)
✔ rejects invalid date (1.56682ms)
✔ rejects reverse period (1.049547ms)
✔ rejects missing body (2.359441ms)
✔ rejects wrong body language (2.659252ms)
✔ rejects path traversal (3.678806ms)
✔ rejects unknown private fields (2.189849ms)
✔ rejects duplicate chapters (1.797921ms)
✔ rejects unknown locale dictionary (0.957293ms)
✔ rejects missing mandatory key (1.559215ms)
✔ hierarchy rejects cycles but ordinary related links may be reciprocal (6.360493ms)
✔ translator preserves zero and empty strings, pluralizes and fails missing parameters (2.639493ms)
✔ fallback is opt-in and emits a diagnostic without authorizing publication (4.683731ms)
✔ translation parameter and plural mismatches fail before publication (9.55685ms)
✔ reader refuses a body symlink escaping its source directory (92.67397ms)
✔ Astro loader only stores the public projection, without examples or notes (102.732558ms)
✔ profile and channel schemas separate shared facts from localized copy and reject unsafe URLs (4.024431ms)
✔ Astro reloads its collection on a source change during development (67.662603ms)
✔ mixed date precision accepts an end year containing the start month (2.820452ms)
✔ regional number/date preferences do not change the language plural rules (5.582893ms)
✔ an unsupported plural language requires an explicit reviewed override (1.69717ms)
✔ fallback plural grammar follows the base language, not its number formatting (0.332192ms)
✔ professional selection contains four cases, eight briefs and eleven stages (27.466667ms)
✔ every capability has a public source of evidence; deferred works remain private (3.615074ms)
✔ publication preserves limited participation and uncertain launches (0.726191ms)
✔ one publication boundary covers every public entity and preserves export identity (353.846978ms)
✔ drafts and untranslated pieces are absent from formats, llms and canonical pages (267.34245ms)
✔ SEO describes visible content and real equivalents without invented authors or dates (1609.773767ms)
✔ JSON-LD cannot terminate its script element and migration has no chains (0.326672ms)
✔ enabling another dictionary does not duplicate the retained legacy root (28.75081ms)
✔ published book retains URL and six local downloads; examples remain private (109.688684ms)
✔ selection and chapter order generate library and reader routes without template changes (32.680735ms)
✔ download schema rejects unsafe paths, duplicates and mismatched formats (7.706245ms)
✔ reader preferences accept only known values (0.537749ms)
✔ review uses chapter identity for translations and clears cached fixtures in production (105.83857ms)
✔ sustained slow active frames first reduce quality then stop the scene (0.899449ms)
✔ normal rendering, idle and invalid samples do not degrade quality (0.15357ms)
✔ a healthy window interrupts consecutive slow windows (0.097969ms)
✔ index allowlist excludes private works, old pages, duplicate listings and exports (72.158403ms)
✔ all topic filters have published definitions, with declared relationships only (30.089688ms)
✔ query and filters round-trip safely, rejecting unknown filters and limiting input (1.373679ms)
✔ search destinations stay within same origin and language (0.27349ms)
✔ navigation only links generated pages and never invents translated equivalents (94.591708ms)
✔ effect choice cannot override motion reduction, economy or a failed scene (0.359062ms)
✔ optional adapters clean up, resume and stay disabled after scene failure (0.413581ms)
✔ a throwing visual adapter cannot break functional subscribers (0.284365ms)
✔ invalid or blocked storage resolves to safe defaults without executing input (0.236784ms)
✔ basic search handles accents, long summaries and hostile literal queries (1.56201ms)
✔ shell profiles reject executable URLs and credential-bearing destinations (1.462598ms)
ℹ tests 73
ℹ suites 0
ℹ pass 73
ℹ fail 0
ℹ cancelled 0
ℹ skipped 0
ℹ todo 0
ℹ duration_ms 2436.58666
npm warn Unknown env config "always-auth". This will error in a future major version of npm. See `npm help npmrc` for supported config options.
npm warn Unknown user config "always-auth". This will stop working in the next major version of npm. See `npm help npmrc` for supported config options.
npm notice run paynalton.tech@0.0.1 test:editorial
npm notice run python3 -m unittest discover -s tests/editorial
...
----------------------------------------------------------------------
Ran 3 tests in 0.072s

OK
npm warn Unknown env config "always-auth". This will error in a future major version of npm. See `npm help npmrc` for supported config options.
npm warn Unknown user config "always-auth". This will stop working in the next major version of npm. See `npm help npmrc` for supported config options.
npm notice run paynalton.tech@0.0.1 build
npm notice run astro build
23:22:31 [content] Syncing content
23:22:31 [WARN] [glob-loader] The base directory "/home/paynalton/Proyectos/paynalton.com/src/content/blog/" does not exist.
23:22:32 [content] Synced content
23:22:32 [types] Generated 445ms
23:22:32 [build] output: "static"
23:22:32 [build] mode: "static"
23:22:32 [build] directory: /home/paynalton/Proyectos/paynalton.com/dist/
23:22:32 [build] Collecting build info...
23:22:32 [build] ✓ Completed in 466ms.
23:22:32 [build] Building static entrypoints...
23:22:32 [vite] ✓ built in 389ms
23:22:32 [WARN] [vite] [plugin builtin:vite-reporter] 
(!) Some chunks are larger than 500 kB after minification. Consider:
- Using dynamic import() to code-split the application
- Use build.rolldownOptions.output.codeSplitting to improve chunking: https://rolldown.rs/reference/OutputOptions.codeSplitting
- Adjust chunk size limit for this warning via build.chunkSizeWarningLimit.
23:22:32 [vite] ✓ built in 257ms
23:22:32 [build] Rearranging server assets...

 generating static routes 
23:22:32   ├─ /404.html (+71ms) 
23:22:32   ├─ /en/about/index.html (+3ms) 
23:22:32   ├─ /en/books/cuando-la-tostadora-te-responde/index.html (+2ms) 
23:22:32   ├─ /en/contact/index.html (+1ms) 
23:22:32   ├─ /en/ideas/index.html (+2ms) 
23:22:32   ├─ /en/jobs/index.html (+2ms) 
23:22:32   ├─ /en/projects/index.html (+2ms) 
23:22:32   ├─ /en/index.html (+3ms) 
23:22:32   ├─ /es/about/index.html (+22ms) 
23:22:32   ├─ /es/contact/index.html (+21ms) 
23:22:33   ├─ /es/ideas/index.html (+31ms) 
23:22:33   ├─ /es/jobs/index.html (+44ms) 
23:22:33   ├─ /es/projects/index.html (+36ms) 
23:22:33   ├─ /nah/about/index.html (+3ms) 
23:22:33   ├─ /nah/books/cuando-la-tostadora-te-responde/index.html (+1ms) 
23:22:33   ├─ /nah/contact/index.html (+2ms) 
23:22:33   ├─ /nah/ideas/index.html (+2ms) 
23:22:33   ├─ /nah/jobs/index.html (+3ms) 
23:22:33   ├─ /nah/projects/index.html (+2ms) 
23:22:33   ├─ /nah/index.html (+3ms) 
23:22:33   ├─ /rss.xml (+47ms) 
23:22:33   ├─ /es/obra/aritmetica-con-numeros-indeterminados/index.json (+32ms) 
23:22:33   ├─ /es/obra/aritmetica-con-numeros-indeterminados/index.md (+28ms) 
23:22:33   ├─ /es/obra/la-chica-nueva/index.json (+24ms) 
23:22:33   ├─ /es/obra/la-chica-nueva/index.md (+22ms) 
23:22:33   ├─ /es/obra/presentacion/index.json (+27ms) 
23:22:33   ├─ /es/obra/presentacion/index.md (+26ms) 
23:22:33   ├─ /es/obra/silencio-oscuridad-y-muerte/index.json (+29ms) 
23:22:33   ├─ /es/obra/silencio-oscuridad-y-muerte/index.md (+25ms) 
23:22:33   ├─ /es/obra/amnesia/index.json (+32ms) 
23:22:33   ├─ /es/obra/amnesia/index.md (+29ms) 
23:22:33   ├─ /es/obra/mama/index.json (+29ms) 
23:22:33   ├─ /es/obra/mama/index.md (+25ms) 
23:22:33   ├─ /es/obra/la-niebla-de-san-jacinto/index.json (+43ms) 
23:22:33   ├─ /es/obra/la-niebla-de-san-jacinto/index.md (+34ms) 
23:22:33   ├─ /es/obra/por-un-poco-de-kaja-mita/index.json (+39ms) 
23:22:33   ├─ /es/obra/por-un-poco-de-kaja-mita/index.md (+29ms) 
23:22:33   ├─ /es/obra/barriada/index.json (+29ms) 
23:22:33   ├─ /es/obra/barriada/index.md (+33ms) 
23:22:33   ├─ /es/obra/gotas-de-lluvia/index.json (+28ms) 
23:22:33   ├─ /es/obra/gotas-de-lluvia/index.md (+20ms) 
23:22:33   ├─ /es/obra/presentando/index.json (+22ms) 
23:22:33   ├─ /es/obra/presentando/index.md (+30ms) 
23:22:33   ├─ /es/obra/rosa/index.json (+27ms) 
23:22:33   ├─ /es/obra/rosa/index.md (+44ms) 
23:22:33   ├─ /es/obra/el-hada/index.json (+29ms) 
23:22:33   ├─ /es/obra/el-hada/index.md (+20ms) 
23:22:33   ├─ /es/obra/cuanto-hace-ya/index.json (+35ms) 
23:22:33   ├─ /es/obra/cuanto-hace-ya/index.md (+41ms) 
23:22:34   ├─ /es/obra/hojas-secas/index.json (+27ms) 
23:22:34   ├─ /es/obra/hojas-secas/index.md (+36ms) 
23:22:34   ├─ /es/obra/hacia-el-mar/index.json (+23ms) 
23:22:34   ├─ /es/obra/hacia-el-mar/index.md (+22ms) 
23:22:34   ├─ /es/obra/mirame/index.json (+33ms) 
23:22:34   ├─ /es/obra/mirame/index.md (+30ms) 
23:22:34   ├─ /es/obra/la-flama/index.json (+38ms) 
23:22:34   ├─ /es/obra/la-flama/index.md (+42ms) 
23:22:34   ├─ /es/obra/la-reina-del-mar/index.json (+21ms) 
23:22:34   ├─ /es/obra/la-reina-del-mar/index.md (+24ms) 
23:22:34   ├─ /es/obra/que-facil-es-decir-te-amo/index.json (+24ms) 
23:22:34   ├─ /es/obra/que-facil-es-decir-te-amo/index.md (+23ms) 
23:22:34   ├─ /es/obra/princesa/index.json (+26ms) 
23:22:34   ├─ /es/obra/princesa/index.md (+22ms) 
23:22:34   ├─ /es/obra/mi-querido-arbol/index.json (+21ms) 
23:22:34   ├─ /es/obra/mi-querido-arbol/index.md (+21ms) 
23:22:34   ├─ /es/obra/el-reencuentro/index.json (+19ms) 
23:22:34   ├─ /es/obra/el-reencuentro/index.md (+22ms) 
23:22:34   ├─ /es/obra/estrellas-errantes/index.json (+30ms) 
23:22:34   ├─ /es/obra/estrellas-errantes/index.md (+36ms) 
23:22:34   ├─ /es/obra/historias-olvidadas/index.json (+34ms) 
23:22:34   ├─ /es/obra/historias-olvidadas/index.md (+26ms) 
23:22:34   ├─ /es/obra/la-huida/index.json (+25ms) 
23:22:34   ├─ /es/obra/la-huida/index.md (+25ms) 
23:22:34   ├─ /es/obra/princesa-sin-reino/index.json (+26ms) 
23:22:34   ├─ /es/obra/princesa-sin-reino/index.md (+27ms) 
23:22:34   ├─ /es/obra/texto-11-de-junio/index.json (+24ms) 
23:22:34   ├─ /es/obra/texto-11-de-junio/index.md (+31ms) 
23:22:34   ├─ /es/obra/hada/index.json (+25ms) 
23:22:34   ├─ /es/obra/hada/index.md (+30ms) 
23:22:34   ├─ /es/obra/de-noche-en-la-ciudad/index.json (+27ms) 
23:22:34   ├─ /es/obra/de-noche-en-la-ciudad/index.md (+50ms) 
23:22:34   ├─ /es/obra/labios/index.json (+34ms) 
23:22:34   ├─ /es/obra/labios/index.md (+38ms) 
23:22:34   ├─ /es/obra/la-luciernaga/index.json (+30ms) 
23:22:35   ├─ /es/obra/la-luciernaga/index.md (+27ms) 
23:22:35   ├─ /es/obra/pandora/index.json (+25ms) 
23:22:35   ├─ /es/obra/pandora/index.md (+27ms) 
23:22:35   ├─ /es/obra/sobre-la-montana-plateada/index.json (+25ms) 
23:22:35   ├─ /es/obra/sobre-la-montana-plateada/index.md (+26ms) 
23:22:35   ├─ /es/obra/los-dos-concientes/index.json (+34ms) 
23:22:35   ├─ /es/obra/los-dos-concientes/index.md (+26ms) 
23:22:35   ├─ /es/obra/la-locura-de-quijote/index.json (+26ms) 
23:22:35   ├─ /es/obra/la-locura-de-quijote/index.md (+22ms) 
23:22:35   ├─ /es/obra/carta-de-un-padre-a-su-hijo-en-dia-de-reyes/index.json (+24ms) 
23:22:35   ├─ /es/obra/carta-de-un-padre-a-su-hijo-en-dia-de-reyes/index.md (+20ms) 
23:22:35   ├─ /es/obra/existio-una-vez/index.json (+36ms) 
23:22:35   ├─ /es/obra/existio-una-vez/index.md (+27ms) 
23:22:35   ├─ /es/obra/pirateria-y-oportunidad/index.json (+27ms) 
23:22:35   ├─ /es/obra/pirateria-y-oportunidad/index.md (+26ms) 
23:22:35   ├─ /es/obra/dolor/index.json (+29ms) 
23:22:35   ├─ /es/obra/dolor/index.md (+22ms) 
23:22:35   ├─ /es/obra/locura-hermosa-locura/index.json (+26ms) 
23:22:35   ├─ /es/obra/locura-hermosa-locura/index.md (+26ms) 
23:22:35   ├─ /es/obra/memoria-alguien-ha-visto-mi-memoria/index.json (+30ms) 
23:22:35   ├─ /es/obra/memoria-alguien-ha-visto-mi-memoria/index.md (+31ms) 
23:22:35   ├─ /es/obra/cyborg/index.json (+29ms) 
23:22:35   ├─ /es/obra/cyborg/index.md (+26ms) 
23:22:35   ├─ /es/obra/bullyng/index.json (+25ms) 
23:22:35   ├─ /es/obra/bullyng/index.md (+26ms) 
23:22:35   ├─ /es/obra/descubrimiento/index.json (+26ms) 
23:22:35   ├─ /es/obra/descubrimiento/index.md (+24ms) 
23:22:35   ├─ /es/obra/el-estupor-mexicano/index.json (+19ms) 
23:22:35   ├─ /es/obra/el-estupor-mexicano/index.md (+18ms) 
23:22:35   ├─ /es/obra/howto-novia/index.json (+20ms) 
23:22:35   ├─ /es/obra/howto-novia/index.md (+23ms) 
23:22:35   ├─ /es/obra/guia-1/index.json (+30ms) 
23:22:35   ├─ /es/obra/guia-1/index.md (+34ms) 
23:22:35   ├─ /es/obra/paquetes-y-dependencias-en-gnu-linux/index.json (+30ms) 
23:22:35   ├─ /es/obra/paquetes-y-dependencias-en-gnu-linux/index.md (+22ms) 
23:22:35   ├─ /es/obra/usuarios-y-permisos-en-gnu-linux/index.json (+26ms) 
23:22:35   ├─ /es/obra/usuarios-y-permisos-en-gnu-linux/index.md (+22ms) 
23:22:35   ├─ /es/obra/el-jardin/index.json (+31ms) 
23:22:35   ├─ /es/obra/el-jardin/index.md (+24ms) 
23:22:36   ├─ /es/obra/manga/index.json (+41ms) 
23:22:36   ├─ /es/obra/manga/index.md (+24ms) 
23:22:36   ├─ /es/obra/te-amo/index.json (+28ms) 
23:22:36   ├─ /es/obra/te-amo/index.md (+21ms) 
23:22:36   ├─ /es/obra/la-bestia-de-metal/index.json (+28ms) 
23:22:36   ├─ /es/obra/la-bestia-de-metal/index.md (+19ms) 
23:22:36   ├─ /es/obra/noche-de-brujas-en-diabuluz/index.json (+22ms) 
23:22:36   ├─ /es/obra/noche-de-brujas-en-diabuluz/index.md (+26ms) 
23:22:36   ├─ /es/obra/decodificando-entidades-html-en-android/index.json (+51ms) 
23:22:36   ├─ /es/obra/decodificando-entidades-html-en-android/index.md (+42ms) 
23:22:36   ├─ /es/obra/google-chrome-crash-solved/index.json (+39ms) 
23:22:36   ├─ /es/obra/google-chrome-crash-solved/index.md (+31ms) 
23:22:36   ├─ /es/obra/promesas/index.json (+35ms) 
23:22:36   ├─ /es/obra/promesas/index.md (+28ms) 
23:22:36   ├─ /es/obra/paulo-coelho/index.json (+27ms) 
23:22:36   ├─ /es/obra/paulo-coelho/index.md (+26ms) 
23:22:36   ├─ /es/obra/una-historia-imaginaria/index.json (+24ms) 
23:22:36   ├─ /es/obra/una-historia-imaginaria/index.md (+31ms) 
23:22:36   ├─ /es/obra/crisalida/index.json (+32ms) 
23:22:36   ├─ /es/obra/crisalida/index.md (+39ms) 
23:22:36   ├─ /es/obra/justicia-ilegal/index.json (+29ms) 
23:22:36   ├─ /es/obra/justicia-ilegal/index.md (+23ms) 
23:22:36   ├─ /es/obra/a-que-tienes-derecho/index.json (+22ms) 
23:22:36   ├─ /es/obra/a-que-tienes-derecho/index.md (+26ms) 
23:22:36   ├─ /es/obra/los-de-abajo/index.json (+29ms) 
23:22:36   ├─ /es/obra/los-de-abajo/index.md (+30ms) 
23:22:36   ├─ /es/obra/esqueletos/index.json (+28ms) 
23:22:36   ├─ /es/obra/esqueletos/index.md (+26ms) 
23:22:36   ├─ /es/obra/corazon-dormido/index.json (+29ms) 
23:22:36   ├─ /es/obra/corazon-dormido/index.md (+52ms) 
23:22:36   ├─ /es/obra/retrospectiva/index.json (+29ms) 
23:22:36   ├─ /es/obra/retrospectiva/index.md (+20ms) 
23:22:36   ├─ /es/obra/economia-casera/index.json (+19ms) 
23:22:37   ├─ /es/obra/economia-casera/index.md (+27ms) 
23:22:37   ├─ /es/obra/dolor-paynalton-m086/index.json (+27ms) 
23:22:37   ├─ /es/obra/dolor-paynalton-m086/index.md (+39ms) 
23:22:37   ├─ /es/obra/la-generacion-de-intereses-devalua-las-monedas-porque-porque-lo-digo-yo/index.json (+36ms) 
23:22:37   ├─ /es/obra/la-generacion-de-intereses-devalua-las-monedas-porque-porque-lo-digo-yo/index.md (+22ms) 
23:22:37   ├─ /es/obra/caja-se-siembra/index.json (+25ms) 
23:22:37   ├─ /es/obra/caja-se-siembra/index.md (+23ms) 
23:22:37   ├─ /es/obra/control-de-inflacion/index.json (+31ms) 
23:22:37   ├─ /es/obra/control-de-inflacion/index.md (+20ms) 
23:22:37   ├─ /es/obra/viaje-solitario/index.json (+28ms) 
23:22:37   ├─ /es/obra/viaje-solitario/index.md (+29ms) 
23:22:37   ├─ /es/obra/el-cuarto-poder/index.json (+43ms) 
23:22:37   ├─ /es/obra/el-cuarto-poder/index.md (+34ms) 
23:22:37   ├─ /es/obra/dama-de-suenos/index.json (+28ms) 
23:22:37   ├─ /es/obra/dama-de-suenos/index.md (+20ms) 
23:22:37   ├─ /es/obra/control-de-armas/index.json (+31ms) 
23:22:37   ├─ /es/obra/control-de-armas/index.md (+36ms) 
23:22:37   ├─ /es/obra/volver-a-casa/index.json (+44ms) 
23:22:37   ├─ /es/obra/volver-a-casa/index.md (+30ms) 
23:22:37   ├─ /es/obra/humildad/index.json (+25ms) 
23:22:37   ├─ /es/obra/humildad/index.md (+31ms) 
23:22:37   ├─ /es/obra/la-innovacion-cristiana/index.json (+23ms) 
23:22:37   ├─ /es/obra/la-innovacion-cristiana/index.md (+37ms) 
23:22:37   ├─ /es/obra/partida/index.json (+27ms) 
23:22:37   ├─ /es/obra/partida/index.md (+29ms) 
23:22:37   ├─ /es/obra/los-juegos-del-salario/index.json (+26ms) 
23:22:37   ├─ /es/obra/los-juegos-del-salario/index.md (+24ms) 
23:22:37   ├─ /es/obra/perdidos/index.json (+32ms) 
23:22:37   ├─ /es/obra/perdidos/index.md (+25ms) 
23:22:37   ├─ /es/obra/mmorpg-opensource/index.json (+27ms) 
23:22:37   ├─ /es/obra/mmorpg-opensource/index.md (+40ms) 
23:22:37   ├─ /es/obra/el-traje-nuevo-del-millenial/index.json (+27ms) 
23:22:37   ├─ /es/obra/el-traje-nuevo-del-millenial/index.md (+28ms) 
23:22:37   ├─ /es/obra/el-origen-del-mal/index.json (+24ms) 
23:22:37   ├─ /es/obra/el-origen-del-mal/index.md (+26ms) 
23:22:38   ├─ /es/obra/trabajo-colaborativo-vs-jerarquico/index.json (+34ms) 
23:22:38   ├─ /es/obra/trabajo-colaborativo-vs-jerarquico/index.md (+30ms) 
23:22:38   ├─ /es/obra/la-carta/index.json (+44ms) 
23:22:38   ├─ /es/obra/la-carta/index.md (+29ms) 
23:22:38   ├─ /es/obra/el-poder-magisterial/index.json (+39ms) 
23:22:38   ├─ /es/obra/el-poder-magisterial/index.md (+48ms) 
23:22:38   ├─ /es/obra/despertar/index.json (+27ms) 
23:22:38   ├─ /es/obra/despertar/index.md (+24ms) 
23:22:38   ├─ /es/obra/capitalismo-vs-dinerismo/index.json (+25ms) 
23:22:38   ├─ /es/obra/capitalismo-vs-dinerismo/index.md (+48ms) 
23:22:38   ├─ /es/obra/el-dios-en-que-yo-creo/index.json (+32ms) 
23:22:38   ├─ /es/obra/el-dios-en-que-yo-creo/index.md (+23ms) 
23:22:38   ├─ /es/obra/decision/index.json (+24ms) 
23:22:38   ├─ /es/obra/decision/index.md (+24ms) 
23:22:38   ├─ /es/obra/evangelio-del-gato-negro/index.json (+25ms) 
23:22:38   ├─ /es/obra/evangelio-del-gato-negro/index.md (+21ms) 
23:22:38   ├─ /es/obra/improvisado/index.json (+26ms) 
23:22:38   ├─ /es/obra/improvisado/index.md (+21ms) 
23:22:38   ├─ /es/obra/susurros-en-la-oscuridad/index.json (+22ms) 
23:22:38   ├─ /es/obra/susurros-en-la-oscuridad/index.md (+36ms) 
23:22:38   ├─ /es/obra/enfermera/index.json (+22ms) 
23:22:38   ├─ /es/obra/enfermera/index.md (+27ms) 
23:22:38   ├─ /es/obra/especialista-en-latam/index.json (+24ms) 
23:22:38   ├─ /es/obra/especialista-en-latam/index.md (+27ms) 
23:22:38   ├─ /es/obra/la-partera/index.json (+25ms) 
23:22:38   ├─ /es/obra/la-partera/index.md (+29ms) 
23:22:38   ├─ /es/obra/se-estan-comiendo-que/index.json (+22ms) 
23:22:38   ├─ /es/obra/se-estan-comiendo-que/index.md (+25ms) 
23:22:38   ├─ /es/obra/debate-para-incidente-io-8c9beaf3b0-e/index.json (+21ms) 
23:22:38   ├─ /es/obra/debate-para-incidente-io-8c9beaf3b0-e/index.md (+24ms) 
23:22:38   ├─ /es/obra/barbacoa-de-uma-estilo-culiacan/index.json (+22ms) 
23:22:38   ├─ /es/obra/barbacoa-de-uma-estilo-culiacan/index.md (+21ms) 
23:22:38   ├─ /es/obra/mi-primera-chamba-galactica/index.json (+31ms) 
23:22:38   ├─ /es/obra/mi-primera-chamba-galactica/index.md (+27ms) 
23:22:38   ├─ /es/obra/porque-los-brancianos-le-temen-a-las-pinatas/index.json (+25ms) 
23:22:39   ├─ /es/obra/porque-los-brancianos-le-temen-a-las-pinatas/index.md (+51ms) 
23:22:39   ├─ /es/obra/mariachis-de-bolsillo/index.json (+30ms) 
23:22:39   ├─ /es/obra/mariachis-de-bolsillo/index.md (+33ms) 
23:22:39   ├─ /es/obra/sayula-iii/index.json (+35ms) 
23:22:39   ├─ /es/obra/sayula-iii/index.md (+28ms) 
23:22:39   ├─ /es/obra/horda-latam/index.json (+26ms) 
23:22:39   ├─ /es/obra/horda-latam/index.md (+28ms) 
23:22:39   ├─ /es/obra/extraviado/index.json (+25ms) 
23:22:39   ├─ /es/obra/extraviado/index.md (+27ms) 
23:22:39   ├─ /es/obra/legado/index.json (+29ms) 
23:22:39   ├─ /es/obra/legado/index.md (+41ms) 
23:22:39   ├─ /es/obra/ellos-marcaban-sus-cuerpos/index.json (+23ms) 
23:22:39   ├─ /es/obra/ellos-marcaban-sus-cuerpos/index.md (+26ms) 
23:22:39   ├─ /es/obra/se-solicita-ingeniero-ftl-humano/index.json (+28ms) 
23:22:39   ├─ /es/obra/se-solicita-ingeniero-ftl-humano/index.md (+33ms) 
23:22:39   ├─ /es/proyectos/pipila/index.json (+37ms) 
23:22:39   ├─ /es/proyectos/pipila/index.md (+24ms) 
23:22:39   ├─ /es/proyectos/onix/index.json (+25ms) 
23:22:39   ├─ /es/proyectos/onix/index.md (+30ms) 
23:22:39   ├─ /es/proyectos/guacamaya/index.json (+23ms) 
23:22:39   ├─ /es/proyectos/guacamaya/index.md (+28ms) 
23:22:39   ├─ /es/proyectos/winner/index.json (+26ms) 
23:22:39   ├─ /es/proyectos/winner/index.md (+29ms) 
23:22:39   ├─ /es/proyectos/yayauhqui/index.json (+25ms) 
23:22:39   ├─ /es/proyectos/yayauhqui/index.md (+31ms) 
23:22:39   ├─ /es/proyectos/spellchecker/index.json (+23ms) 
23:22:39   ├─ /es/proyectos/spellchecker/index.md (+28ms) 
23:22:39   ├─ /es/proyectos/loro/index.json (+30ms) 
23:22:39   ├─ /es/proyectos/loro/index.md (+25ms) 
23:22:39   ├─ /es/proyectos/perico/index.json (+30ms) 
23:22:39   ├─ /es/proyectos/perico/index.md (+33ms) 
23:22:39   ├─ /es/proyectos/delta/index.json (+25ms) 
23:22:39   ├─ /es/proyectos/delta/index.md (+36ms) 
23:22:39   ├─ /es/proyectos/delta-commerce/index.json (+56ms) 
23:22:40   ├─ /es/proyectos/delta-commerce/index.md (+37ms) 
23:22:40   ├─ /es/proyectos/k4y/index.json (+30ms) 
23:22:40   ├─ /es/proyectos/k4y/index.md (+25ms) 
23:22:40   ├─ /es/proyectos/holstein/index.json (+34ms) 
23:22:40   ├─ /es/proyectos/holstein/index.md (+27ms) 
23:22:40   ├─ /es/index.html (+79ms) 
23:22:40   ├─ /es/proyectos/index.html (+58ms) 
23:22:40   ├─ /es/trayectoria/index.html (+55ms) 
23:22:40   ├─ /es/obra/index.html (+64ms) 
23:22:40   ├─ /es/sobre-mi/index.html (+70ms) 
23:22:40   ├─ /es/contacto/index.html (+61ms) 
23:22:40   ├─ /es/explorar/index.html (+58ms) 
23:22:40   ├─ /es/temas/index.html (+59ms) 
23:22:40   ├─ /es/proyectos/pipila/index.html (+58ms) 
23:22:40   ├─ /es/temas/integracion-de-sistemas/index.html (+49ms) 
23:22:40   ├─ /es/proyectos/onix/index.html (+60ms) 
23:22:40   ├─ /es/proyectos/guacamaya/index.html (+83ms) 
23:22:40   ├─ /es/proyectos/winner/index.html (+67ms) 
23:22:41   ├─ /es/proyectos/yayauhqui/index.html (+62ms) 
23:22:41   ├─ /es/proyectos/spellchecker/index.html (+64ms) 
23:22:41   ├─ /es/proyectos/loro/index.html (+56ms) 
23:22:41   ├─ /es/proyectos/perico/index.html (+57ms) 
23:22:41   ├─ /es/proyectos/delta/index.html (+53ms) 
23:22:41   ├─ /es/proyectos/delta-commerce/index.html (+52ms) 
23:22:41   ├─ /es/proyectos/k4y/index.html (+51ms) 
23:22:41   ├─ /es/proyectos/holstein/index.html (+52ms) 
23:22:41   ├─ /es/temas/arquitectura-de-soluciones/index.html (+60ms) 
23:22:41   ├─ /es/temas/desarrollo-fullstack/index.html (+52ms) 
23:22:41   ├─ /es/temas/operacion-y-modernizacion/index.html (+60ms) 
23:22:41   ├─ /es/temas/trabajo-con-inteligencia-artificial/index.html (+51ms) 
23:22:41   ├─ /es/temas/liderazgo-de-equipos/index.html (+57ms) 
23:22:41   ├─ /es/books/cuando-la-tostadora-te-responde/index.html (+56ms) 
23:22:41   ├─ /es/temas/resolucion-de-problemas/index.html (+57ms) 
23:22:41   ├─ /es/temas/memoria-y-contexto-de-agentes/index.html (+57ms) 
23:22:41   ├─ /es/temas/creacion-editorial/index.html (+58ms) 
23:22:41   ├─ /es/temas/inteligencia-y-humanidad/index.html (+54ms) 
23:22:42   ├─ /es/temas/lectura-categoria-academicos/index.html (+58ms) 
23:22:42   ├─ /es/temas/lectura-texto-teorico/index.html (+66ms) 
23:22:42   ├─ /es/temas/lectura-matematicas/index.html (+61ms) 
23:22:42   ├─ /es/temas/lectura-indeterminacion/index.html (+56ms) 
23:22:42   ├─ /es/temas/lectura-conocimiento/index.html (+55ms) 
23:22:42   ├─ /es/obra/aritmetica-con-numeros-indeterminados/index.html (+52ms) 
23:22:42   ├─ /es/temas/lectura-categoria-cuentos/index.html (+56ms) 
23:22:42   ├─ /es/temas/lectura-cuento/index.html (+46ms) 
23:22:42   ├─ /es/temas/lectura-terror/index.html (+55ms) 
23:22:42   ├─ /es/temas/lectura-ciudad/index.html (+46ms) 
23:22:42   ├─ /es/temas/lectura-muerte/index.html (+54ms) 
23:22:42   ├─ /es/obra/la-chica-nueva/index.html (+61ms) 
23:22:42   ├─ /es/temas/lectura-categoria-editoriales/index.html (+51ms) 
23:22:42   ├─ /es/temas/lectura-presentacion-editorial/index.html (+54ms) 
23:22:42   ├─ /es/temas/lectura-presentacion/index.html (+52ms) 
23:22:42   ├─ /es/obra/presentacion/index.html (+51ms) 
23:22:42   ├─ /es/temas/lectura-crisis-economica/index.html (+58ms) 
23:22:42   ├─ /es/temas/lectura-pareja/index.html (+56ms) 
23:22:42   ├─ /es/obra/silencio-oscuridad-y-muerte/index.html (+58ms) 
23:22:43   ├─ /es/temas/lectura-memoria/index.html (+70ms) 
23:22:43   ├─ /es/temas/lectura-identidad/index.html (+72ms) 
23:22:43   ├─ /es/obra/amnesia/index.html (+51ms) 
23:22:43   ├─ /es/temas/lectura-drama-social/index.html (+53ms) 
23:22:43   ├─ /es/temas/lectura-infancia/index.html (+53ms) 
23:22:43   ├─ /es/temas/lectura-familia/index.html (+60ms) 
23:22:43   ├─ /es/temas/lectura-violencia/index.html (+43ms) 
23:22:43   ├─ /es/obra/mama/index.html (+55ms) 
23:22:43   ├─ /es/temas/lectura-sobrenatural/index.html (+49ms) 
23:22:43   ├─ /es/temas/lectura-memoria-historica/index.html (+57ms) 
23:22:43   ├─ /es/obra/la-niebla-de-san-jacinto/index.html (+57ms) 
23:22:43   ├─ /es/temas/lectura-fantasia/index.html (+51ms) 
23:22:43   ├─ /es/temas/lectura-fanfiction/index.html (+58ms) 
23:22:43   ├─ /es/temas/lectura-aventura/index.html (+61ms) 
23:22:43   ├─ /es/temas/lectura-ingenio/index.html (+59ms) 
23:22:43   ├─ /es/obra/por-un-poco-de-kaja-mita/index.html (+67ms) 
23:22:43   ├─ /es/temas/lectura-supervivencia/index.html (+73ms) 
23:22:44   ├─ /es/obra/barriada/index.html (+50ms) 
23:22:44   ├─ /es/temas/lectura-categoria-poesia/index.html (+61ms) 
23:22:44   ├─ /es/temas/lectura-poesia/index.html (+74ms) 
23:22:44   ├─ /es/temas/lectura-prosa-poetica/index.html (+53ms) 
23:22:44   ├─ /es/temas/lectura-amor/index.html (+62ms) 
23:22:44   ├─ /es/temas/lectura-desamor/index.html (+57ms) 
23:22:44   ├─ /es/temas/lectura-lluvia/index.html (+57ms) 
23:22:44   ├─ /es/obra/gotas-de-lluvia/index.html (+55ms) 
23:22:44   ├─ /es/obra/presentando/index.html (+66ms) 
23:22:44   ├─ /es/temas/lectura-microrrelato/index.html (+51ms) 
23:22:44   ├─ /es/obra/rosa/index.html (+60ms) 
23:22:44   ├─ /es/temas/lectura-duelo/index.html (+58ms) 
23:22:44   ├─ /es/temas/lectura-esperanza/index.html (+62ms) 
23:22:44   ├─ /es/temas/lectura-amistad/index.html (+56ms) 
23:22:44   ├─ /es/obra/el-hada/index.html (+56ms) 
23:22:44   ├─ /es/temas/lectura-poema/index.html (+48ms) 
23:22:44   ├─ /es/temas/lectura-ausencia/index.html (+64ms) 
23:22:45   ├─ /es/obra/cuanto-hace-ya/index.html (+61ms) 
23:22:45   ├─ /es/temas/lectura-soledad/index.html (+64ms) 
23:22:45   ├─ /es/temas/lectura-naturaleza/index.html (+60ms) 
23:22:45   ├─ /es/obra/hojas-secas/index.html (+71ms) 
23:22:45   ├─ /es/temas/lectura-viaje/index.html (+67ms) 
23:22:45   ├─ /es/obra/hacia-el-mar/index.html (+76ms) 
23:22:45   ├─ /es/temas/lectura-intimidad/index.html (+63ms) 
23:22:45   ├─ /es/obra/mirame/index.html (+50ms) 
23:22:45   ├─ /es/obra/la-flama/index.html (+54ms) 
23:22:45   ├─ /es/temas/lectura-mar/index.html (+62ms) 
23:22:45   ├─ /es/obra/la-reina-del-mar/index.html (+50ms) 
23:22:45   ├─ /es/temas/lectura-recuperacion-emocional/index.html (+52ms) 
23:22:45   ├─ /es/obra/que-facil-es-decir-te-amo/index.html (+46ms) 
23:22:45   ├─ /es/temas/lectura-suenos/index.html (+53ms) 
23:22:45   ├─ /es/obra/princesa/index.html (+64ms) 
23:22:45   ├─ /es/temas/lectura-perdida/index.html (+73ms) 
23:22:46   ├─ /es/obra/mi-querido-arbol/index.html (+51ms) 
23:22:46   ├─ /es/temas/lectura-intolerancia/index.html (+60ms) 
23:22:46   ├─ /es/obra/el-reencuentro/index.html (+72ms) 
23:22:46   ├─ /es/temas/lectura-trabajo/index.html (+59ms) 
23:22:46   ├─ /es/obra/estrellas-errantes/index.html (+51ms) 
23:22:46   ├─ /es/obra/historias-olvidadas/index.html (+58ms) 
23:22:46   ├─ /es/temas/lectura-magia/index.html (+57ms) 
23:22:46   ├─ /es/obra/la-huida/index.html (+52ms) 
23:22:46   ├─ /es/temas/lectura-libertad/index.html (+53ms) 
23:22:46   ├─ /es/obra/princesa-sin-reino/index.html (+53ms) 
23:22:46   ├─ /es/obra/texto-11-de-junio/index.html (+74ms) 
23:22:46   ├─ /es/obra/hada/index.html (+59ms) 
23:22:46   ├─ /es/temas/lectura-noche/index.html (+69ms) 
23:22:46   ├─ /es/obra/de-noche-en-la-ciudad/index.html (+77ms) 
23:22:46   ├─ /es/temas/lectura-deseo/index.html (+53ms) 
23:22:46   ├─ /es/obra/labios/index.html (+50ms) 
23:22:46   ├─ /es/temas/lectura-fabula/index.html (+70ms) 
23:22:47   ├─ /es/obra/la-luciernaga/index.html (+61ms) 
23:22:47   ├─ /es/temas/lectura-categoria-reflexiones-filosoficas/index.html (+51ms) 
23:22:47   ├─ /es/temas/lectura-reflexion-filosofica/index.html (+58ms) 
23:22:47   ├─ /es/temas/lectura-filosofia-de-la-vida/index.html (+56ms) 
23:22:47   ├─ /es/temas/lectura-ecologia/index.html (+52ms) 
23:22:47   ├─ /es/temas/lectura-tecnologia/index.html (+50ms) 
23:22:47   ├─ /es/temas/lectura-humanidad/index.html (+51ms) 
23:22:47   ├─ /es/obra/pandora/index.html (+59ms) 
23:22:47   ├─ /es/temas/lectura-identidad-digital/index.html (+46ms) 
23:22:47   ├─ /es/obra/sobre-la-montana-plateada/index.html (+62ms) 
23:22:47   ├─ /es/temas/lectura-filosofia-de-la-mente/index.html (+59ms) 
23:22:47   ├─ /es/temas/lectura-conciencia/index.html (+64ms) 
23:22:47   ├─ /es/temas/lectura-lenguaje/index.html (+73ms) 
23:22:47   ├─ /es/obra/los-dos-concientes/index.html (+59ms) 
23:22:47   ├─ /es/temas/lectura-categoria-personales/index.html (+63ms) 
23:22:47   ├─ /es/temas/lectura-texto-personal/index.html (+49ms) 
23:22:47   ├─ /es/temas/lectura-cronica-personal/index.html (+54ms) 
23:22:47   ├─ /es/temas/lectura-literatura/index.html (+47ms) 
23:22:48   ├─ /es/obra/la-locura-de-quijote/index.html (+72ms) 
23:22:48   ├─ /es/temas/lectura-etica/index.html (+92ms) 
23:22:48   ├─ /es/obra/carta-de-un-padre-a-su-hijo-en-dia-de-reyes/index.html (+52ms) 
23:22:48   ├─ /es/temas/lectura-cuento-filosofico/index.html (+48ms) 
23:22:48   ├─ /es/temas/lectura-alegoria/index.html (+68ms) 
23:22:48   ├─ /es/temas/lectura-religion/index.html (+54ms) 
23:22:48   ├─ /es/obra/existio-una-vez/index.html (+59ms) 
23:22:48   ├─ /es/temas/lectura-categoria-criticas/index.html (+57ms) 
23:22:48   ├─ /es/temas/lectura-critica/index.html (+65ms) 
23:22:48   ├─ /es/temas/lectura-critica-cultural/index.html (+53ms) 
23:22:48   ├─ /es/temas/lectura-economia/index.html (+62ms) 
23:22:48   ├─ /es/temas/lectura-musica/index.html (+73ms) 
23:22:48   ├─ /es/temas/lectura-propiedad-intelectual/index.html (+78ms) 
23:22:48   ├─ /es/obra/pirateria-y-oportunidad/index.html (+45ms) 
23:22:48   ├─ /es/temas/lectura-reflexion-personal/index.html (+47ms) 
23:22:48   ├─ /es/obra/dolor/index.html (+60ms) 
23:22:49   ├─ /es/temas/lectura-filosofia-existencial/index.html (+59ms) 
23:22:49   ├─ /es/temas/lectura-normas-sociales/index.html (+51ms) 
23:22:49   ├─ /es/obra/locura-hermosa-locura/index.html (+55ms) 
23:22:49   ├─ /es/temas/lectura-percepcion/index.html (+58ms) 
23:22:49   ├─ /es/obra/memoria-alguien-ha-visto-mi-memoria/index.html (+56ms) 
23:22:49   ├─ /es/temas/lectura-filosofia-de-la-tecnologia/index.html (+54ms) 
23:22:49   ├─ /es/obra/cyborg/index.html (+60ms) 
23:22:49   ├─ /es/temas/lectura-critica-social/index.html (+60ms) 
23:22:49   ├─ /es/temas/lectura-educacion/index.html (+61ms) 
23:22:49   ├─ /es/obra/bullyng/index.html (+50ms) 
23:22:49   ├─ /es/obra/descubrimiento/index.html (+49ms) 
23:22:49   ├─ /es/temas/lectura-mexico/index.html (+49ms) 
23:22:49   ├─ /es/temas/lectura-progreso/index.html (+51ms) 
23:22:49   ├─ /es/temas/lectura-imaginacion/index.html (+59ms) 
23:22:49   ├─ /es/obra/el-estupor-mexicano/index.html (+57ms) 
23:22:49   ├─ /es/temas/lectura-categoria-humor/index.html (+62ms) 
23:22:49   ├─ /es/temas/lectura-humor/index.html (+101ms) 
23:22:50   ├─ /es/temas/lectura-parodia/index.html (+57ms) 
23:22:50   ├─ /es/temas/lectura-relaciones-de-pareja/index.html (+50ms) 
23:22:50   ├─ /es/temas/lectura-informatica/index.html (+62ms) 
23:22:50   ├─ /es/obra/howto-novia/index.html (+54ms) 
23:22:50   ├─ /es/temas/lectura-categoria-tecnicos/index.html (+49ms) 
23:22:50   ├─ /es/temas/lectura-texto-tecnico/index.html (+49ms) 
23:22:50   ├─ /es/temas/lectura-divulgacion-tecnica/index.html (+52ms) 
23:22:50   ├─ /es/temas/lectura-gnu-linux/index.html (+86ms) 
23:22:50   ├─ /es/temas/lectura-software-libre/index.html (+55ms) 
23:22:50   ├─ /es/obra/guia-1/index.html (+58ms) 
23:22:50   ├─ /es/temas/lectura-tutorial/index.html (+49ms) 
23:22:50   ├─ /es/temas/lectura-administracion-de-sistemas/index.html (+51ms) 
23:22:50   ├─ /es/obra/paquetes-y-dependencias-en-gnu-linux/index.html (+91ms) 
23:22:50   ├─ /es/temas/lectura-seguridad-informatica/index.html (+54ms) 
23:22:50   ├─ /es/obra/usuarios-y-permisos-en-gnu-linux/index.html (+50ms) 
23:22:50   ├─ /es/temas/lectura-vejez/index.html (+47ms) 
23:22:50   ├─ /es/obra/el-jardin/index.html (+46ms) 
23:22:50   ├─ /es/temas/lectura-nota-personal/index.html (+57ms) 
23:22:51   ├─ /es/temas/lectura-arte-digital/index.html (+52ms) 
23:22:51   ├─ /es/obra/manga/index.html (+71ms) 
23:22:51   ├─ /es/temas/lectura-dedicatoria/index.html (+64ms) 
23:22:51   ├─ /es/obra/te-amo/index.html (+65ms) 
23:22:51   ├─ /es/temas/lectura-separacion/index.html (+64ms) 
23:22:51   ├─ /es/obra/la-bestia-de-metal/index.html (+52ms) 
23:22:51   ├─ /es/temas/lectura-programacion/index.html (+50ms) 
23:22:51   ├─ /es/temas/lectura-efectos-visuales/index.html (+61ms) 
23:22:51   ├─ /es/obra/noche-de-brujas-en-diabuluz/index.html (+67ms) 
23:22:51   ├─ /es/temas/lectura-nota-tecnica/index.html (+54ms) 
23:22:51   ├─ /es/temas/lectura-android/index.html (+55ms) 
23:22:51   ├─ /es/obra/decodificando-entidades-html-en-android/index.html (+52ms) 
23:22:51   ├─ /es/temas/lectura-diagnostico-tecnico/index.html (+56ms) 
23:22:51   ├─ /es/obra/google-chrome-crash-solved/index.html (+53ms) 
23:22:51   ├─ /es/temas/lectura-drama/index.html (+55ms) 
23:22:51   ├─ /es/temas/lectura-promesas/index.html (+55ms) 
23:22:51   ├─ /es/obra/promesas/index.html (+44ms) 
23:22:52   ├─ /es/temas/lectura-critica-literaria/index.html (+49ms) 
23:22:52   ├─ /es/obra/paulo-coelho/index.html (+49ms) 
23:22:52   ├─ /es/obra/una-historia-imaginaria/index.html (+52ms) 
23:22:52   ├─ /es/temas/lectura-transformacion-personal/index.html (+46ms) 
23:22:52   ├─ /es/obra/crisalida/index.html (+49ms) 
23:22:52   ├─ /es/temas/lectura-aforismo/index.html (+47ms) 
23:22:52   ├─ /es/temas/lectura-justicia/index.html (+52ms) 
23:22:52   ├─ /es/temas/lectura-politica/index.html (+52ms) 
23:22:52   ├─ /es/obra/justicia-ilegal/index.html (+48ms) 
23:22:52   ├─ /es/temas/lectura-vida/index.html (+47ms) 
23:22:52   ├─ /es/obra/a-que-tienes-derecho/index.html (+59ms) 
23:22:52   ├─ /es/temas/lectura-desigualdad/index.html (+51ms) 
23:22:52   ├─ /es/temas/lectura-exito/index.html (+65ms) 
23:22:52   ├─ /es/obra/los-de-abajo/index.html (+63ms) 
23:22:52   ├─ /es/temas/lectura-filosofia-social/index.html (+69ms) 
23:22:52   ├─ /es/temas/lectura-cambio/index.html (+55ms) 
23:22:52   ├─ /es/temas/lectura-ideas/index.html (+59ms) 
23:22:52   ├─ /es/obra/esqueletos/index.html (+52ms) 
23:22:52   ├─ /es/obra/corazon-dormido/index.html (+49ms) 
23:22:53   ├─ /es/temas/lectura-proposito/index.html (+49ms) 
23:22:53   ├─ /es/obra/retrospectiva/index.html (+58ms) 
23:22:53   ├─ /es/temas/lectura-opinion-economica/index.html (+65ms) 
23:22:53   ├─ /es/temas/lectura-autoconsumo/index.html (+68ms) 
23:22:53   ├─ /es/obra/economia-casera/index.html (+59ms) 
23:22:53   ├─ /es/temas/lectura-eternidad/index.html (+53ms) 
23:22:53   ├─ /es/obra/dolor-paynalton-m086/index.html (+54ms) 
23:22:53   ├─ /es/temas/lectura-dinero/index.html (+50ms) 
23:22:53   ├─ /es/temas/lectura-deuda/index.html (+54ms) 
23:22:53   ├─ /es/obra/la-generacion-de-intereses-devalua-las-monedas-porque-porque-lo-digo-yo/index.html (+60ms) 
23:22:53   ├─ /es/temas/lectura-propuesta-tecnica/index.html (+49ms) 
23:22:53   ├─ /es/temas/lectura-agricultura/index.html (+51ms) 
23:22:53   ├─ /es/temas/lectura-automatizacion/index.html (+58ms) 
23:22:53   ├─ /es/obra/caja-se-siembra/index.html (+69ms) 
23:22:53   ├─ /es/temas/lectura-credito/index.html (+69ms) 
23:22:53   ├─ /es/obra/control-de-inflacion/index.html (+58ms) 
23:22:53   ├─ /es/obra/viaje-solitario/index.html (+48ms) 
23:22:53   ├─ /es/temas/lectura-propuesta-politica/index.html (+49ms) 
23:22:54   ├─ /es/temas/lectura-democracia/index.html (+56ms) 
23:22:54   ├─ /es/temas/lectura-poder/index.html (+46ms) 
23:22:54   ├─ /es/obra/el-cuarto-poder/index.html (+52ms) 
23:22:54   ├─ /es/obra/dama-de-suenos/index.html (+60ms) 
23:22:54   ├─ /es/temas/lectura-critica-politica/index.html (+50ms) 
23:22:54   ├─ /es/temas/lectura-armas/index.html (+50ms) 
23:22:54   ├─ /es/obra/control-de-armas/index.html (+51ms) 
23:22:54   ├─ /es/temas/lectura-despedida/index.html (+47ms) 
23:22:54   ├─ /es/obra/volver-a-casa/index.html (+47ms) 
23:22:54   ├─ /es/temas/lectura-prejuicios/index.html (+62ms) 
23:22:54   ├─ /es/temas/lectura-empatia/index.html (+57ms) 
23:22:54   ├─ /es/obra/humildad/index.html (+60ms) 
23:22:54   ├─ /es/temas/lectura-filosofia-de-la-religion/index.html (+54ms) 
23:22:54   ├─ /es/obra/la-innovacion-cristiana/index.html (+52ms) 
23:22:54   ├─ /es/obra/partida/index.html (+55ms) 
23:22:54   ├─ /es/temas/lectura-opinion-profesional/index.html (+53ms) 
23:22:54   ├─ /es/temas/lectura-motivacion/index.html (+61ms) 
23:22:54   ├─ /es/obra/los-juegos-del-salario/index.html (+50ms) 
23:22:54   ├─ /es/obra/perdidos/index.html (+55ms) 
23:22:55   ├─ /es/temas/lectura-videojuegos/index.html (+48ms) 
23:22:55   ├─ /es/temas/lectura-interoperabilidad/index.html (+63ms) 
23:22:55   ├─ /es/obra/mmorpg-opensource/index.html (+52ms) 
23:22:55   ├─ /es/temas/lectura-algoritmos/index.html (+47ms) 
23:22:55   ├─ /es/temas/lectura-redes-sociales/index.html (+51ms) 
23:22:55   ├─ /es/obra/el-traje-nuevo-del-millenial/index.html (+49ms) 
23:22:55   ├─ /es/temas/lectura-pensiones/index.html (+63ms) 
23:22:55   ├─ /es/temas/lectura-dependencia/index.html (+51ms) 
23:22:55   ├─ /es/obra/el-origen-del-mal/index.html (+57ms) 
23:22:55   ├─ /es/temas/lectura-colaboracion/index.html (+60ms) 
23:22:55   ├─ /es/temas/lectura-jerarquia/index.html (+61ms) 
23:22:55   ├─ /es/obra/trabajo-colaborativo-vs-jerarquico/index.html (+54ms) 
23:22:55   ├─ /es/temas/lectura-ciencia-ficcion/index.html (+63ms) 
23:22:55   ├─ /es/temas/lectura-arqueologia/index.html (+51ms) 
23:22:55   ├─ /es/obra/la-carta/index.html (+48ms) 
23:22:55   ├─ /es/obra/el-poder-magisterial/index.html (+51ms) 
23:22:55   ├─ /es/obra/despertar/index.html (+80ms) 
23:22:56   ├─ /es/obra/capitalismo-vs-dinerismo/index.html (+49ms) 
23:22:56   ├─ /es/temas/lectura-existencia/index.html (+51ms) 
23:22:56   ├─ /es/obra/el-dios-en-que-yo-creo/index.html (+57ms) 
23:22:56   ├─ /es/temas/lectura-decisiones/index.html (+53ms) 
23:22:56   ├─ /es/obra/decision/index.html (+61ms) 
23:22:56   ├─ /es/temas/lectura-ficcion-filosofica/index.html (+59ms) 
23:22:56   ├─ /es/obra/evangelio-del-gato-negro/index.html (+67ms) 
23:22:56   ├─ /es/obra/improvisado/index.html (+66ms) 
23:22:56   ├─ /es/obra/susurros-en-la-oscuridad/index.html (+75ms) 
23:22:56   ├─ /es/temas/lectura-tiempo/index.html (+78ms) 
23:22:56   ├─ /es/obra/enfermera/index.html (+55ms) 
23:22:56   ├─ /es/temas/lectura-choque-cultural/index.html (+56ms) 
23:22:56   ├─ /es/obra/especialista-en-latam/index.html (+52ms) 
23:22:56   ├─ /es/temas/lectura-solidaridad/index.html (+54ms) 
23:22:56   ├─ /es/obra/la-partera/index.html (+63ms) 
23:22:56   ├─ /es/temas/lectura-gastronomia/index.html (+52ms) 
23:22:56   ├─ /es/obra/se-estan-comiendo-que/index.html (+51ms) 
23:22:56   ├─ /es/temas/lectura-inteligencia-artificial/index.html (+52ms) 
23:22:57   ├─ /es/temas/lectura-coexistencia/index.html (+61ms) 
23:22:57   ├─ /es/obra/debate-para-incidente-io-8c9beaf3b0-e/index.html (+76ms) 
23:22:57   ├─ /es/temas/lectura-guerra/index.html (+64ms) 
23:22:57   ├─ /es/obra/barbacoa-de-uma-estilo-culiacan/index.html (+56ms) 
23:22:57   ├─ /es/temas/lectura-primer-contacto/index.html (+65ms) 
23:22:57   ├─ /es/temas/lectura-diplomacia/index.html (+75ms) 
23:22:57   ├─ /es/obra/mi-primera-chamba-galactica/index.html (+53ms) 
23:22:57   ├─ /es/temas/lectura-tradiciones/index.html (+51ms) 
23:22:57   ├─ /es/obra/porque-los-brancianos-le-temen-a-las-pinatas/index.html (+57ms) 
23:22:57   ├─ /es/obra/mariachis-de-bolsillo/index.html (+70ms) 
23:22:57   ├─ /es/temas/lectura-competencia/index.html (+53ms) 
23:22:57   ├─ /es/obra/sayula-iii/index.html (+59ms) 
23:22:57   ├─ /es/obra/horda-latam/index.html (+55ms) 
23:22:57   ├─ /es/temas/lectura-pertenencia/index.html (+58ms) 
23:22:57   ├─ /es/obra/extraviado/index.html (+53ms) 
23:22:57   ├─ /es/temas/lectura-arte/index.html (+49ms) 
23:22:58   ├─ /es/temas/lectura-legado/index.html (+61ms) 
23:22:58   ├─ /es/obra/legado/index.html (+58ms) 
23:22:58   ├─ /es/temas/lectura-discriminacion/index.html (+56ms) 
23:22:58   ├─ /es/temas/lectura-cuerpo/index.html (+64ms) 
23:22:58   ├─ /es/obra/ellos-marcaban-sus-cuerpos/index.html (+49ms) 
23:22:58   ├─ /es/obra/se-solicita-ingeniero-ftl-humano/index.html (+68ms) 
23:22:58   ├─ /index.html (+21ms) 
23:22:58 ✓ Completed in 25.66s.

23:22:58 [build] ✓ Completed in 26.33s.
23:22:58 [@astrojs/sitemap] `sitemap-index.xml` created at `dist`
Publicación: 319 contenidos, 638 exportaciones, catálogo, llms.txt, robots y migración Netlify.
Pagefind: 311 documentos en /; idiomas y filtros desde contenido público.
23:22:59 [build] 337 page(s) built in 27.76s
23:22:59 [build] Complete!
npm warn Unknown env config "always-auth". This will error in a future major version of npm. See `npm help npmrc` for supported config options.
npm warn Unknown user config "always-auth". This will stop working in the next major version of npm. See `npm help npmrc` for supported config options.
npm notice run paynalton.tech@0.0.1 check:content-artifact
npm notice run node scripts/check-content-artifact.mjs
Artefacto: 1029 archivos de texto revisados; sin marcadores internos/de prueba ni patrones de credenciales conocidos.
npm warn Unknown env config "always-auth". This will error in a future major version of npm. See `npm help npmrc` for supported config options.
npm warn Unknown user config "always-auth". This will stop working in the next major version of npm. See `npm help npmrc` for supported config options.
npm notice run paynalton.tech@0.0.1 check:exports
npm notice run node scripts/check-project-artifacts.mjs && node scripts/check-work-artifacts.mjs
Exportaciones: 24 archivos coinciden con la proyección pública; sin proyectos extra.
Obras: 220 exportaciones coinciden con los textos públicos.
npm warn Unknown env config "always-auth". This will error in a future major version of npm. See `npm help npmrc` for supported config options.
npm warn Unknown user config "always-auth". This will stop working in the next major version of npm. See `npm help npmrc` for supported config options.
npm notice run paynalton.tech@0.0.1 check:search
npm notice run node scripts/check-search-artifact.mjs
Índice: 311 fragmentos descomprimidos; URLs, idioma, filtros y exclusiones coinciden con publicación.
npm warn Unknown env config "always-auth". This will error in a future major version of npm. See `npm help npmrc` for supported config options.
npm warn Unknown user config "always-auth". This will stop working in the next major version of npm. See `npm help npmrc` for supported config options.
npm notice run paynalton.tech@0.0.1 check:publication
npm notice run node scripts/check-publication.mjs && python3 scripts/check-publication-html.py
PT11: 638 formatos, 330 URLs canónicas, 6 migraciones y recursos PUB-01/02 verificados.
HTML: 337 páginas, 330 metadatos canónicos, enlaces/anclas locales y 111 entradas RSS correctos.
npm warn Unknown env config "always-auth". This will error in a future major version of npm. See `npm help npmrc` for supported config options.
npm warn Unknown user config "always-auth". This will stop working in the next major version of npm. See `npm help npmrc` for supported config options.
npm notice run paynalton.tech@0.0.1 check:effects
npm notice run node scripts/check-effects-artifact.mjs
Efectos: motor 144156 bytes gzip; escena/coordinación/decoraciones 5501; renders y límites comprobados.
npm warn Unknown env config "always-auth". This will error in a future major version of npm. See `npm help npmrc` for supported config options.
npm warn Unknown user config "always-auth". This will stop working in the next major version of npm. See `npm help npmrc` for supported config options.
npm notice run paynalton.tech@0.0.1 test:e2e
npm notice run playwright test
[WebServer] npm warn Unknown env config "always-auth". This will error in a future major version of npm. See `npm help npmrc` for supported config options.
[WebServer] npm warn Unknown user config "always-auth". This will stop working in the next major version of npm. See `npm help npmrc` for supported config options.
[WebServer] npm notice run paynalton.tech@0.0.1 preview
[WebServer] npm notice run astro preview --host 127.0.0.1 --port 4331 --ignore-lock
[WebServer] (node:1110954) Warning: The 'NO_COLOR' env is ignored due to the 'FORCE_COLOR' env being set.
[WebServer] (Use `node --trace-warnings ...` to show where the warning was created)

Running 132 tests using 2 workers

(node:1111057) Warning: The 'NO_COLOR' env is ignored due to the 'FORCE_COLOR' env being set.
(Use `node --trace-warnings ...` to show where the warning was created)
(node:1111056) Warning: The 'NO_COLOR' env is ignored due to the 'FORCE_COLOR' env being set.
(Use `node --trace-warnings ...` to show where the warning was created)
  ✓    1 [desktop] › tests/candidate.spec.ts:28:31 › candidate inicio: initial transfer budget and visual baseline (727ms)
  ✓    3 [desktop] › tests/candidate.spec.ts:28:31 › candidate proyecto: initial transfer budget and visual baseline (655ms)
  ✓    4 [desktop] › tests/candidate.spec.ts:28:31 › candidate catalogo: initial transfer budget and visual baseline (723ms)
  ✓    5 [desktop] › tests/candidate.spec.ts:28:31 › candidate lectura: initial transfer budget and visual baseline (692ms)
  ✓    6 [desktop] › tests/candidate.spec.ts:45:1 › CSP retains the native local search form without JavaScript (358ms)
  ✓    7 [desktop] › tests/editorial.spec.ts:6:1 › every imported reader and download is available with inert editorial HTML (710ms)
  ✓    8 [desktop] › tests/editorial.spec.ts:23:1 › standalone readers, technical tables and coauthorship fit small screens and pass accessibility checks (2.9s)
  ✓    9 [desktop] › tests/editorial.spec.ts:40:1 › new full texts are searchable by body and tags (283ms)
  ✓   10 [desktop] › tests/editorial.spec.ts:45:1 › published story and downloads remain usable without JavaScript (149ms)
  ✓   11 [desktop] › tests/journey.spec.ts:10:1 › complete reference journey by keyboard, with accessible steps and captures (2.8s)
  ✓   12 [desktop] › tests/journey.spec.ts:28:1 › built HTML, JSON and Markdown describe identical public facts and body (202ms)
  ✓   13 [desktop] › tests/journey.spec.ts:49:1 › journey and downloads remain available without JavaScript (383ms)
  ✓   14 [desktop] › tests/journey.spec.ts:60:1 › hostile URLs never alter canonical, exports or execute HTML (156ms)
  ✓   15 [desktop] › tests/professional.spec.ts:5:1 › complete catalog, chronology, printable details and review captures (1.2s)
  ✓   16 [desktop] › tests/professional.spec.ts:27:1 › copy succeeds and permission denial leaves selectable email (239ms)
  ✓   17 [desktop] › tests/professional.spec.ts:39:1 › native sharing sends canonical URL and handles cancellation and denial (289ms)
  ✓   18 [desktop] › tests/professional.spec.ts:51:1 › unsupported APIs and no JavaScript retain contact and sharing links (350ms)
  ✓    2 [desktop] › tests/candidate.spec.ts:6:1 › CSP permits published pages and Pagefind while blocking injected scripts (17.3s)
  ✓   20 [desktop] › tests/professional.spec.ts:72:1 › all professional cases expose accessible facts and static downloads (4.9s)
  ✓   21 [desktop] › tests/publication.spec.ts:3:1 › historical Spanish URLs reach their final content and anchors in static preview (2.5s)
  ✓   22 [desktop] › tests/publication.spec.ts:7:1 › canonical and social data ignore query input; linked formats are usable (183ms)
  ✓   23 [desktop] › tests/publication.spec.ts:16:1 › translated book alternatives are reciprocal and legacy pages remain accessible (439ms)
  ✓   24 [desktop] › tests/reading.spec.ts:5:1 › public library, book and personal profile are accessible and contain only selected content (3.0s)
  ✓   19 [desktop] › tests/professional.spec.ts:59:1 › all built pages load without automatic third-party requests (15.9s)
  ✓   25 [desktop] › tests/reading.spec.ts:25:1 › all book editions remain reachable without scripts and with enlarged text (796ms)
  ✓   27 [desktop] › tests/search.spec.ts:21:1 › zero results, unknown filters, hostile query and keyboard access (1.0s)
  ✓   26 [desktop] › tests/search.spec.ts:6:1 › full body search, type and topic filters, shareable URL, history and clear (1.9s)
  ✓   29 [desktop] › tests/search.spec.ts:36:1 › late searches cannot replace a newer query or filters (347ms)
  ✓   28 [desktop] › tests/search.spec.ts:29:1 › failed index keeps HTML links and retry recovers with filters intact (2.0s)
  ✓   30 [desktop] › tests/search.spec.ts:42:1 › index loads only when searching, requests stay local, and 320px zoom fits (1.4s)
  ✓   31 [desktop] › tests/search.spec.ts:49:1 › editorial topics connect to content and filtered exploration (3.0s)
  ✓   33 [desktop] › tests/shell.spec.ts:31:1 › skip, mobile menu, dialog Escape and focus return (1.6s)
  ✓   34 [desktop] › tests/shell.spec.ts:54:1 › global search, query history and literal malicious input (1.5s)
  ✓   35 [desktop] › tests/shell.spec.ts:72:1 › preferences persist, honor reduced motion and pass accessibility (1.7s)
  ✓   36 [desktop] › tests/shell.spec.ts:89:1 › blocked storage keeps controls usable without script errors (1.2s)
  ✓   37 [desktop] › tests/shell.spec.ts:100:1 › without JavaScript: navigation, search alternatives, root and 404 (484ms)
  ✓   38 [desktop] › tests/shell.spec.ts:116:1 › 320px and enlarged text preserve menu, preferences and dialog (259ms)
  ✓   39 [desktop] › tests/shell.spec.ts:125:1 › expanded labels and RTL keep the shared frame usable (204ms)
  ✓   32 [desktop] › tests/shell.spec.ts:6:1 › new routes: accessible shell, real links, local assets and no overflow (10.9s)
  ✓   40 [desktop] › tests/shell.spec.ts:138:1 › preference changes synchronize with another tab (1.5s)
  ✓   42 [desktop] › tests/site.spec.ts:38:3 › es: language navigation preserves section (157ms)
  ✓   43 [desktop] › tests/site.spec.ts:51:3 › es: book edition and format stay independent of page language (387ms)
  ✓   44 [desktop] › tests/site.spec.ts:18:3 › en: pages and local resources (870ms)
  ✓   41 [desktop] › tests/site.spec.ts:18:3 › es: pages and local resources (2.0s)
  ✓   45 [desktop] › tests/site.spec.ts:38:3 › en: language navigation preserves section (247ms)
  ✓   46 [desktop] › tests/site.spec.ts:51:3 › en: book edition and format stay independent of page language (476ms)
  ✓   48 [desktop] › tests/site.spec.ts:38:3 › nah: language navigation preserves section (239ms)
  ✓   47 [desktop] › tests/site.spec.ts:18:3 › nah: pages and local resources (946ms)
  -   50 [desktop] › tests/site.spec.ts:70:1 › mobile menu opens and navigation works
  ✓   49 [desktop] › tests/site.spec.ts:51:3 › nah: book edition and format stay independent of page language (463ms)
  ✓   51 [desktop] › tests/site.spec.ts:79:1 › root keeps the Spanish entry for an English browser (226ms)
  ✓   52 [desktop] › tests/site.spec.ts:89:1 › essential HTML works without JavaScript (415ms)
  ✓   53 [desktop] › tests/site.spec.ts:100:1 › feeds, downloads and missing routes (637ms)
(node:1114877) Warning: The 'NO_COLOR' env is ignored due to the 'FORCE_COLOR' env being set.
(Use `node --trace-warnings ...` to show where the warning was created)
(node:1114891) Warning: The 'NO_COLOR' env is ignored due to the 'FORCE_COLOR' env being set.
(Use `node --trace-warnings ...` to show where the warning was created)
  ✓   54 [desktop] › tests/effects.spec.ts:14:57 › preference off prevents Three.js requests and preserves content (243ms)
  ✓   56 [desktop] › tests/effects.spec.ts:14:57 › preference disabled3d prevents Three.js requests and preserves content (219ms)
  ✓   55 [desktop] › tests/effects.spec.ts:14:57 › preference soft prevents Three.js requests and preserves content (289ms)
  ✓   57 [desktop] › tests/effects.spec.ts:14:57 › preference reduced prevents Three.js requests and preserves content (212ms)
  ✓   59 [desktop] › tests/effects.spec.ts:43:1 › lost WebGL context falls back without retrying on preference changes (1.5s)
  ✓   60 [desktop] › tests/effects.spec.ts:49:1 › failed motor import preserves the static scene and navigation (383ms)
  ✓   61 [desktop] › tests/effects.spec.ts:54:1 › other pages load decoration only; filters and keyboard remain functional (837ms)
  ✓   62 [desktop] › tests/effects.spec.ts:60:1 › static image stays present without JavaScript (313ms)
  ✓   63 [desktop] › tests/effects.spec.ts:68:1 › unavailable WebGL retains the image without throwing into page behavior (204ms)
  ✓   64 [desktop] › tests/effects.spec.ts:77:1 › late motor import cannot mount after effects have been disabled (754ms)
  ✓   58 [desktop] › tests/effects.spec.ts:24:1 › real WebGL, idle rendering, pause, cleanup and reactivation (4.9s)
  -   66 [desktop] › tests/effects.spec.ts:92:1 › mobile scene below the fold defers the motor until sufficiently visible
(node:1115739) Warning: The 'NO_COLOR' env is ignored due to the 'FORCE_COLOR' env being set.
(Use `node --trace-warnings ...` to show where the warning was created)
  ✓   65 [desktop] › tests/effects.spec.ts:85:1 › movement reduction takes priority during an active scene (2.3s)
(node:1115911) Warning: The 'NO_COLOR' env is ignored due to the 'FORCE_COLOR' env being set.
(Use `node --trace-warnings ...` to show where the warning was created)
  ✓   68 [mobile] › tests/candidate.spec.ts:28:31 › candidate inicio: initial transfer budget and visual baseline (718ms)
  ✓   69 [mobile] › tests/candidate.spec.ts:28:31 › candidate proyecto: initial transfer budget and visual baseline (654ms)
  ✓   70 [mobile] › tests/candidate.spec.ts:28:31 › candidate catalogo: initial transfer budget and visual baseline (681ms)
  ✓   71 [mobile] › tests/candidate.spec.ts:28:31 › candidate lectura: initial transfer budget and visual baseline (652ms)
  ✓   72 [mobile] › tests/candidate.spec.ts:45:1 › CSP retains the native local search form without JavaScript (318ms)
  ✓   73 [mobile] › tests/editorial.spec.ts:6:1 › every imported reader and download is available with inert editorial HTML (703ms)
  ✓   74 [mobile] › tests/editorial.spec.ts:23:1 › standalone readers, technical tables and coauthorship fit small screens and pass accessibility checks (2.8s)
  ✓   75 [mobile] › tests/editorial.spec.ts:40:1 › new full texts are searchable by body and tags (247ms)
  ✓   76 [mobile] › tests/editorial.spec.ts:45:1 › published story and downloads remain usable without JavaScript (142ms)
  ✓   77 [mobile] › tests/journey.spec.ts:10:1 › complete reference journey by keyboard, with accessible steps and captures (3.0s)
  ✓   78 [mobile] › tests/journey.spec.ts:28:1 › built HTML, JSON and Markdown describe identical public facts and body (176ms)
  ✓   79 [mobile] › tests/journey.spec.ts:49:1 › journey and downloads remain available without JavaScript (335ms)
  ✓   80 [mobile] › tests/journey.spec.ts:60:1 › hostile URLs never alter canonical, exports or execute HTML (179ms)
  ✓   81 [mobile] › tests/professional.spec.ts:5:1 › complete catalog, chronology, printable details and review captures (2.7s)
  ✓   82 [mobile] › tests/professional.spec.ts:27:1 › copy succeeds and permission denial leaves selectable email (224ms)
  ✓   83 [mobile] › tests/professional.spec.ts:39:1 › native sharing sends canonical URL and handles cancellation and denial (282ms)
  ✓   84 [mobile] › tests/professional.spec.ts:51:1 › unsupported APIs and no JavaScript retain contact and sharing links (385ms)
  ✓   67 [mobile] › tests/candidate.spec.ts:6:1 › CSP permits published pages and Pagefind while blocking injected scripts (16.1s)
  ✓   86 [mobile] › tests/professional.spec.ts:72:1 › all professional cases expose accessible facts and static downloads (4.7s)
  ✓   87 [mobile] › tests/publication.spec.ts:3:1 › historical Spanish URLs reach their final content and anchors in static preview (1.6s)
  ✓   88 [mobile] › tests/publication.spec.ts:7:1 › canonical and social data ignore query input; linked formats are usable (175ms)
  ✓   89 [mobile] › tests/publication.spec.ts:16:1 › translated book alternatives are reciprocal and legacy pages remain accessible (427ms)
  ✓   90 [mobile] › tests/reading.spec.ts:5:1 › public library, book and personal profile are accessible and contain only selected content (4.9s)
  ✓   91 [mobile] › tests/reading.spec.ts:25:1 › all book editions remain reachable without scripts and with enlarged text (785ms)
  ✓   92 [mobile] › tests/search.spec.ts:6:1 › full body search, type and topic filters, shareable URL, history and clear (2.0s)
  ✓   85 [mobile] › tests/professional.spec.ts:59:1 › all built pages load without automatic third-party requests (15.1s)
  ✓   93 [mobile] › tests/search.spec.ts:21:1 › zero results, unknown filters, hostile query and keyboard access (1.0s)
  ✓   95 [mobile] › tests/search.spec.ts:36:1 › late searches cannot replace a newer query or filters (352ms)
  ✓   94 [mobile] › tests/search.spec.ts:29:1 › failed index keeps HTML links and retry recovers with filters intact (2.1s)
  ✓   96 [mobile] › tests/search.spec.ts:42:1 › index loads only when searching, requests stay local, and 320px zoom fits (1.4s)
  ✓   97 [mobile] › tests/search.spec.ts:49:1 › editorial topics connect to content and filtered exploration (5.5s)
  ✓   99 [mobile] › tests/shell.spec.ts:31:1 › skip, mobile menu, dialog Escape and focus return (1.7s)
  ✓  100 [mobile] › tests/shell.spec.ts:54:1 › global search, query history and literal malicious input (1.5s)
  ✓  101 [mobile] › tests/shell.spec.ts:72:1 › preferences persist, honor reduced motion and pass accessibility (1.7s)
  ✓  102 [mobile] › tests/shell.spec.ts:89:1 › blocked storage keeps controls usable without script errors (1.2s)
  ✓   98 [mobile] › tests/shell.spec.ts:6:1 › new routes: accessible shell, real links, local assets and no overflow (11.1s)
  ✓  104 [mobile] › tests/shell.spec.ts:116:1 › 320px and enlarged text preserve menu, preferences and dialog (239ms)
  ✓  105 [mobile] › tests/shell.spec.ts:125:1 › expanded labels and RTL keep the shared frame usable (222ms)
  ✓  103 [mobile] › tests/shell.spec.ts:100:1 › without JavaScript: navigation, search alternatives, root and 404 (515ms)
  ✓  106 [mobile] › tests/shell.spec.ts:138:1 › preference changes synchronize with another tab (1.5s)
  ✓  108 [mobile] › tests/site.spec.ts:38:3 › es: language navigation preserves section (135ms)
  ✓  109 [mobile] › tests/site.spec.ts:51:3 › es: book edition and format stay independent of page language (381ms)
  ✓  107 [mobile] › tests/site.spec.ts:18:3 › es: pages and local resources (2.7s)
  ✓  110 [mobile] › tests/site.spec.ts:18:3 › en: pages and local resources (806ms)
  ✓  111 [mobile] › tests/site.spec.ts:38:3 › en: language navigation preserves section (272ms)
  ✓  112 [mobile] › tests/site.spec.ts:51:3 › en: book edition and format stay independent of page language (416ms)
  ✓  114 [mobile] › tests/site.spec.ts:38:3 › nah: language navigation preserves section (276ms)
  ✓  113 [mobile] › tests/site.spec.ts:18:3 › nah: pages and local resources (778ms)
  ✓  115 [mobile] › tests/site.spec.ts:51:3 › nah: book edition and format stay independent of page language (411ms)
  ✓  117 [mobile] › tests/site.spec.ts:79:1 › root keeps the Spanish entry for an English browser (217ms)
  ✓  118 [mobile] › tests/site.spec.ts:89:1 › essential HTML works without JavaScript (351ms)
  ✓  116 [mobile] › tests/site.spec.ts:70:1 › mobile menu opens and navigation works (1.3s)
  ✓  119 [mobile] › tests/site.spec.ts:100:1 › feeds, downloads and missing routes (607ms)
(node:1119585) Warning: The 'NO_COLOR' env is ignored due to the 'FORCE_COLOR' env being set.
(Use `node --trace-warnings ...` to show where the warning was created)
(node:1119593) Warning: The 'NO_COLOR' env is ignored due to the 'FORCE_COLOR' env being set.
(Use `node --trace-warnings ...` to show where the warning was created)
  ✓  120 [mobile] › tests/effects.spec.ts:14:57 › preference off prevents Three.js requests and preserves content (296ms)
  ✓  121 [mobile] › tests/effects.spec.ts:14:57 › preference soft prevents Three.js requests and preserves content (259ms)
  ✓  122 [mobile] › tests/effects.spec.ts:14:57 › preference disabled3d prevents Three.js requests and preserves content (220ms)
  ✓  123 [mobile] › tests/effects.spec.ts:14:57 › preference reduced prevents Three.js requests and preserves content (212ms)
  ✓  125 [mobile] › tests/effects.spec.ts:43:1 › lost WebGL context falls back without retrying on preference changes (1.5s)
  ✓  126 [mobile] › tests/effects.spec.ts:49:1 › failed motor import preserves the static scene and navigation (305ms)
  ✓  127 [mobile] › tests/effects.spec.ts:54:1 › other pages load decoration only; filters and keyboard remain functional (802ms)
  ✓  128 [mobile] › tests/effects.spec.ts:60:1 › static image stays present without JavaScript (383ms)
  ✓  129 [mobile] › tests/effects.spec.ts:68:1 › unavailable WebGL retains the image without throwing into page behavior (207ms)
  ✓  124 [mobile] › tests/effects.spec.ts:24:1 › real WebGL, idle rendering, pause, cleanup and reactivation (3.4s)
  ✓  130 [mobile] › tests/effects.spec.ts:77:1 › late motor import cannot mount after effects have been disabled (754ms)
  ✓  132 [mobile] › tests/effects.spec.ts:92:1 › mobile scene below the fold defers the motor until sufficiently visible (1.7s)
  ✓  131 [mobile] › tests/effects.spec.ts:85:1 › movement reduction takes priority during an active scene (2.5s)

  2 skipped
  130 passed (1.9m)
npm warn Unknown env config "always-auth". This will error in a future major version of npm. See `npm help npmrc` for supported config options.
npm warn Unknown user config "always-auth". This will stop working in the next major version of npm. See `npm help npmrc` for supported config options.
npm notice run paynalton.tech@0.0.1 test:security
npm notice run node scripts/check-security.mjs
Sources inspected: 509
SEG01/02/07: no known dependency advisories; private paths excluded; browser policy present. Remote headers remain unverified.
npm warn Unknown env config "always-auth". This will error in a future major version of npm. See `npm help npmrc` for supported config options.
npm warn Unknown user config "always-auth". This will stop working in the next major version of npm. See `npm help npmrc` for supported config options.
npm notice run paynalton.tech@0.0.1 verify:design
npm notice run npm run build:design && npm run test:design
npm warn Unknown env config "always-auth". This will error in a future major version of npm. See `npm help npmrc` for supported config options.
npm warn Unknown user config "always-auth". This will stop working in the next major version of npm. See `npm help npmrc` for supported config options.
npm notice run paynalton.tech@0.0.1 build:design
npm notice run DESIGN_REVIEW=1 astro build
23:24:56 [content] Syncing content
23:24:56 [WARN] [glob-loader] The base directory "/home/paynalton/Proyectos/paynalton.com/src/content/blog/" does not exist.
23:24:56 [content] Synced content
23:24:56 [types] Generated 490ms
23:24:56 [build] output: "static"
23:24:56 [build] mode: "static"
23:24:56 [build] directory: /home/paynalton/Proyectos/paynalton.com/.design-dist/
23:24:56 [build] Collecting build info...
23:24:56 [build] ✓ Completed in 511ms.
23:24:56 [build] Building static entrypoints...
23:24:56 [vite] ✓ built in 420ms
23:24:56 [WARN] [vite] [plugin builtin:vite-reporter] 
(!) Some chunks are larger than 500 kB after minification. Consider:
- Using dynamic import() to code-split the application
- Use build.rolldownOptions.output.codeSplitting to improve chunking: https://rolldown.rs/reference/OutputOptions.codeSplitting
- Adjust chunk size limit for this warning via build.chunkSizeWarningLimit.
23:24:56 [vite] ✓ built in 244ms
23:24:56 [build] Rearranging server assets...

 generating static routes 
23:24:57   ├─ /404.html (+69ms) 
23:24:57   ├─ /design-review/journey/es/index.html (+47ms) 
23:24:57   ├─ /design-review/journey/es/proyectos/index.html (+28ms) 
23:24:57   ├─ /design-review/journey/es/trayectoria/index.html (+30ms) 
23:24:57   ├─ /design-review/journey/es/obra/index.html (+31ms) 
23:24:57   ├─ /design-review/journey/es/sobre-mi/index.html (+22ms) 
23:24:57   ├─ /design-review/journey/es/contacto/index.html (+56ms) 
23:24:57   ├─ /design-review/journey/es/explorar/index.html (+35ms) 
23:24:57   ├─ /design-review/journey/es/temas/index.html (+23ms) 
23:24:57   ├─ /design-review/journey/es/proyectos/pipila/index.html (+38ms) 
23:24:57   ├─ /design-review/journey/es/temas/integracion-de-sistemas/index.html (+28ms) 
23:24:57   ├─ /design-review/journey/en/index.html (+26ms) 
23:24:57   ├─ /design-review/journey/en/proyectos/index.html (+24ms) 
23:24:57   ├─ /design-review/journey/en/trayectoria/index.html (+22ms) 
23:24:57   ├─ /design-review/journey/en/obra/index.html (+21ms) 
23:24:57   ├─ /design-review/journey/en/sobre-mi/index.html (+25ms) 
23:24:57   ├─ /design-review/journey/en/contacto/index.html (+32ms) 
23:24:57   ├─ /design-review/journey/en/explorar/index.html (+44ms) 
23:24:57   ├─ /design-review/journey/en/temas/index.html (+31ms) 
23:24:57   ├─ /design-review/journey/en/proyectos/translated-project/index.html (+31ms) 
23:24:57   ├─ /design-review/locales/es/index.html (+28ms) 
23:24:57   ├─ /design-review/locales/en/index.html (+22ms) 
23:24:57   ├─ /design-review/reading/es/index.html (+24ms) 
23:24:57   ├─ /design-review/reading/es/proyectos/index.html (+32ms) 
23:24:57   ├─ /design-review/reading/es/trayectoria/index.html (+23ms) 
23:24:57   ├─ /design-review/reading/es/obra/index.html (+33ms) 
23:24:57   ├─ /design-review/reading/es/sobre-mi/index.html (+38ms) 
23:24:57   ├─ /design-review/reading/es/contacto/index.html (+35ms) 
23:24:58   ├─ /design-review/reading/es/explorar/index.html (+34ms) 
23:24:58   ├─ /design-review/reading/es/temas/index.html (+17ms) 
23:24:58   ├─ /design-review/reading/es/obra/ejemplo-lectura/index.html (+17ms) 
23:24:58   ├─ /design-review/reading/es/obra/ejemplo-lectura/primera-parte/index.html (+21ms) 
23:24:58   ├─ /design-review/reading/es/obra/ejemplo-lectura/segunda-parte/index.html (+23ms) 
23:24:58   ├─ /design-review/reading/en/index.html (+26ms) 
23:24:58   ├─ /design-review/reading/en/proyectos/index.html (+19ms) 
23:24:58   ├─ /design-review/reading/en/trayectoria/index.html (+22ms) 
23:24:58   ├─ /design-review/reading/en/obra/index.html (+39ms) 
23:24:58   ├─ /design-review/reading/en/sobre-mi/index.html (+28ms) 
23:24:58   ├─ /design-review/reading/en/contacto/index.html (+26ms) 
23:24:58   ├─ /design-review/reading/en/explorar/index.html (+29ms) 
23:24:58   ├─ /design-review/reading/en/temas/index.html (+41ms) 
23:24:58   ├─ /design-review/reading/en/obra/translated-reading/index.html (+28ms) 
23:24:58   ├─ /design-review/reading/en/obra/translated-reading/translated-chapter/index.html (+39ms) 
23:24:58   ├─ /design-review/home/index.html (+20ms) 
23:24:58   ├─ /design-review/project/index.html (+20ms) 
23:24:58   ├─ /design-review/reading/index.html (+24ms) 
23:24:58   ├─ /design-review/components/index.html (+30ms) 
23:24:58   ├─ /design-review/expanded-home/index.html (+23ms) 
23:24:58   ├─ /design-review/expanded-project/index.html (+25ms) 
23:24:58   ├─ /design-review/expanded-reading/index.html (+22ms) 
23:24:58   ├─ /design-review/expanded-components/index.html (+20ms) 
23:24:58   ├─ /design-review/rtl-home/index.html (+24ms) 
23:24:58   ├─ /en/about/index.html (+3ms) 
23:24:58   ├─ /en/books/cuando-la-tostadora-te-responde/index.html (+2ms) 
23:24:58   ├─ /en/contact/index.html (+1ms) 
23:24:58   ├─ /en/ideas/index.html (+2ms) 
23:24:58   ├─ /en/jobs/index.html (+2ms) 
23:24:58   ├─ /en/projects/index.html (+1ms) 
23:24:58   ├─ /en/index.html (+3ms) 
23:24:58   ├─ /es/about/index.html (+23ms) 
23:24:58   ├─ /es/contact/index.html (+21ms) 
23:24:58   ├─ /es/ideas/index.html (+22ms) 
23:24:58   ├─ /es/jobs/index.html (+21ms) 
23:24:58   ├─ /es/projects/index.html (+23ms) 
23:24:58   ├─ /nah/about/index.html (+2ms) 
23:24:58   ├─ /nah/books/cuando-la-tostadora-te-responde/index.html (+1ms) 
23:24:58   ├─ /nah/contact/index.html (+1ms) 
23:24:58   ├─ /nah/ideas/index.html (+2ms) 
23:24:58   ├─ /nah/jobs/index.html (+4ms) 
23:24:58   ├─ /nah/projects/index.html (+2ms) 
23:24:58   ├─ /nah/index.html (+1ms) 
23:24:58   ├─ /rss.xml (+40ms) 
23:24:58   ├─ /es/obra/aritmetica-con-numeros-indeterminados/index.json (+30ms) 
23:24:58   ├─ /es/obra/aritmetica-con-numeros-indeterminados/index.md (+26ms) 
23:24:58   ├─ /es/obra/la-chica-nueva/index.json (+23ms) 
23:24:58   ├─ /es/obra/la-chica-nueva/index.md (+33ms) 
23:24:58   ├─ /es/obra/presentacion/index.json (+30ms) 
23:24:58   ├─ /es/obra/presentacion/index.md (+30ms) 
23:24:58   ├─ /es/obra/silencio-oscuridad-y-muerte/index.json (+23ms) 
23:24:59   ├─ /es/obra/silencio-oscuridad-y-muerte/index.md (+26ms) 
23:24:59   ├─ /es/obra/amnesia/index.json (+32ms) 
23:24:59   ├─ /es/obra/amnesia/index.md (+27ms) 
23:24:59   ├─ /es/obra/mama/index.json (+23ms) 
23:24:59   ├─ /es/obra/mama/index.md (+24ms) 
23:24:59   ├─ /es/obra/la-niebla-de-san-jacinto/index.json (+22ms) 
23:24:59   ├─ /es/obra/la-niebla-de-san-jacinto/index.md (+30ms) 
23:24:59   ├─ /es/obra/por-un-poco-de-kaja-mita/index.json (+24ms) 
23:24:59   ├─ /es/obra/por-un-poco-de-kaja-mita/index.md (+28ms) 
23:24:59   ├─ /es/obra/barriada/index.json (+24ms) 
23:24:59   ├─ /es/obra/barriada/index.md (+37ms) 
23:24:59   ├─ /es/obra/gotas-de-lluvia/index.json (+29ms) 
23:24:59   ├─ /es/obra/gotas-de-lluvia/index.md (+39ms) 
23:24:59   ├─ /es/obra/presentando/index.json (+49ms) 
23:24:59   ├─ /es/obra/presentando/index.md (+28ms) 
23:24:59   ├─ /es/obra/rosa/index.json (+22ms) 
23:24:59   ├─ /es/obra/rosa/index.md (+32ms) 
23:24:59   ├─ /es/obra/el-hada/index.json (+27ms) 
23:24:59   ├─ /es/obra/el-hada/index.md (+39ms) 
23:24:59   ├─ /es/obra/cuanto-hace-ya/index.json (+27ms) 
23:24:59   ├─ /es/obra/cuanto-hace-ya/index.md (+23ms) 
23:24:59   ├─ /es/obra/hojas-secas/index.json (+30ms) 
23:24:59   ├─ /es/obra/hojas-secas/index.md (+26ms) 
23:24:59   ├─ /es/obra/hacia-el-mar/index.json (+24ms) 
23:24:59   ├─ /es/obra/hacia-el-mar/index.md (+22ms) 
23:24:59   ├─ /es/obra/mirame/index.json (+27ms) 
23:24:59   ├─ /es/obra/mirame/index.md (+25ms) 
23:24:59   ├─ /es/obra/la-flama/index.json (+28ms) 
23:24:59   ├─ /es/obra/la-flama/index.md (+21ms) 
23:24:59   ├─ /es/obra/la-reina-del-mar/index.json (+26ms) 
23:24:59   ├─ /es/obra/la-reina-del-mar/index.md (+30ms) 
23:24:59   ├─ /es/obra/que-facil-es-decir-te-amo/index.json (+26ms) 
23:24:59   ├─ /es/obra/que-facil-es-decir-te-amo/index.md (+38ms) 
23:24:59   ├─ /es/obra/princesa/index.json (+32ms) 
23:24:59   ├─ /es/obra/princesa/index.md (+26ms) 
23:25:00   ├─ /es/obra/mi-querido-arbol/index.json (+26ms) 
23:25:00   ├─ /es/obra/mi-querido-arbol/index.md (+32ms) 
23:25:00   ├─ /es/obra/el-reencuentro/index.json (+36ms) 
23:25:00   ├─ /es/obra/el-reencuentro/index.md (+25ms) 
23:25:00   ├─ /es/obra/estrellas-errantes/index.json (+30ms) 
23:25:00   ├─ /es/obra/estrellas-errantes/index.md (+24ms) 
23:25:00   ├─ /es/obra/historias-olvidadas/index.json (+34ms) 
23:25:00   ├─ /es/obra/historias-olvidadas/index.md (+28ms) 
23:25:00   ├─ /es/obra/la-huida/index.json (+27ms) 
23:25:00   ├─ /es/obra/la-huida/index.md (+24ms) 
23:25:00   ├─ /es/obra/princesa-sin-reino/index.json (+20ms) 
23:25:00   ├─ /es/obra/princesa-sin-reino/index.md (+28ms) 
23:25:00   ├─ /es/obra/texto-11-de-junio/index.json (+21ms) 
23:25:00   ├─ /es/obra/texto-11-de-junio/index.md (+25ms) 
23:25:00   ├─ /es/obra/hada/index.json (+26ms) 
23:25:00   ├─ /es/obra/hada/index.md (+35ms) 
23:25:00   ├─ /es/obra/de-noche-en-la-ciudad/index.json (+32ms) 
23:25:00   ├─ /es/obra/de-noche-en-la-ciudad/index.md (+33ms) 
23:25:00   ├─ /es/obra/labios/index.json (+23ms) 
23:25:00   ├─ /es/obra/labios/index.md (+22ms) 
23:25:00   ├─ /es/obra/la-luciernaga/index.json (+22ms) 
23:25:00   ├─ /es/obra/la-luciernaga/index.md (+28ms) 
23:25:00   ├─ /es/obra/pandora/index.json (+28ms) 
23:25:00   ├─ /es/obra/pandora/index.md (+27ms) 
23:25:00   ├─ /es/obra/sobre-la-montana-plateada/index.json (+27ms) 
23:25:00   ├─ /es/obra/sobre-la-montana-plateada/index.md (+21ms) 
23:25:00   ├─ /es/obra/los-dos-concientes/index.json (+22ms) 
23:25:00   ├─ /es/obra/los-dos-concientes/index.md (+25ms) 
23:25:00   ├─ /es/obra/la-locura-de-quijote/index.json (+36ms) 
23:25:00   ├─ /es/obra/la-locura-de-quijote/index.md (+40ms) 
23:25:00   ├─ /es/obra/carta-de-un-padre-a-su-hijo-en-dia-de-reyes/index.json (+26ms) 
23:25:00   ├─ /es/obra/carta-de-un-padre-a-su-hijo-en-dia-de-reyes/index.md (+26ms) 
23:25:00   ├─ /es/obra/existio-una-vez/index.json (+27ms) 
23:25:00   ├─ /es/obra/existio-una-vez/index.md (+28ms) 
23:25:00   ├─ /es/obra/pirateria-y-oportunidad/index.json (+25ms) 
23:25:00   ├─ /es/obra/pirateria-y-oportunidad/index.md (+24ms) 
23:25:00   ├─ /es/obra/dolor/index.json (+27ms) 
23:25:01   ├─ /es/obra/dolor/index.md (+24ms) 
23:25:01   ├─ /es/obra/locura-hermosa-locura/index.json (+29ms) 
23:25:01   ├─ /es/obra/locura-hermosa-locura/index.md (+24ms) 
23:25:01   ├─ /es/obra/memoria-alguien-ha-visto-mi-memoria/index.json (+26ms) 
23:25:01   ├─ /es/obra/memoria-alguien-ha-visto-mi-memoria/index.md (+26ms) 
23:25:01   ├─ /es/obra/cyborg/index.json (+39ms) 
23:25:01   ├─ /es/obra/cyborg/index.md (+37ms) 
23:25:01   ├─ /es/obra/bullyng/index.json (+22ms) 
23:25:01   ├─ /es/obra/bullyng/index.md (+29ms) 
23:25:01   ├─ /es/obra/descubrimiento/index.json (+31ms) 
23:25:01   ├─ /es/obra/descubrimiento/index.md (+27ms) 
23:25:01   ├─ /es/obra/el-estupor-mexicano/index.json (+30ms) 
23:25:01   ├─ /es/obra/el-estupor-mexicano/index.md (+27ms) 
23:25:01   ├─ /es/obra/howto-novia/index.json (+24ms) 
23:25:01   ├─ /es/obra/howto-novia/index.md (+26ms) 
23:25:01   ├─ /es/obra/guia-1/index.json (+22ms) 
23:25:01   ├─ /es/obra/guia-1/index.md (+30ms) 
23:25:01   ├─ /es/obra/paquetes-y-dependencias-en-gnu-linux/index.json (+33ms) 
23:25:01   ├─ /es/obra/paquetes-y-dependencias-en-gnu-linux/index.md (+35ms) 
23:25:01   ├─ /es/obra/usuarios-y-permisos-en-gnu-linux/index.json (+24ms) 
23:25:01   ├─ /es/obra/usuarios-y-permisos-en-gnu-linux/index.md (+27ms) 
23:25:01   ├─ /es/obra/el-jardin/index.json (+30ms) 
23:25:01   ├─ /es/obra/el-jardin/index.md (+21ms) 
23:25:01   ├─ /es/obra/manga/index.json (+23ms) 
23:25:01   ├─ /es/obra/manga/index.md (+26ms) 
23:25:01   ├─ /es/obra/te-amo/index.json (+28ms) 
23:25:01   ├─ /es/obra/te-amo/index.md (+22ms) 
23:25:01   ├─ /es/obra/la-bestia-de-metal/index.json (+24ms) 
23:25:01   ├─ /es/obra/la-bestia-de-metal/index.md (+25ms) 
23:25:01   ├─ /es/obra/noche-de-brujas-en-diabuluz/index.json (+32ms) 
23:25:01   ├─ /es/obra/noche-de-brujas-en-diabuluz/index.md (+44ms) 
23:25:01   ├─ /es/obra/decodificando-entidades-html-en-android/index.json (+24ms) 
23:25:01   ├─ /es/obra/decodificando-entidades-html-en-android/index.md (+24ms) 
23:25:01   ├─ /es/obra/google-chrome-crash-solved/index.json (+24ms) 
23:25:01   ├─ /es/obra/google-chrome-crash-solved/index.md (+30ms) 
23:25:01   ├─ /es/obra/promesas/index.json (+36ms) 
23:25:02   ├─ /es/obra/promesas/index.md (+27ms) 
23:25:02   ├─ /es/obra/paulo-coelho/index.json (+27ms) 
23:25:02   ├─ /es/obra/paulo-coelho/index.md (+31ms) 
23:25:02   ├─ /es/obra/una-historia-imaginaria/index.json (+32ms) 
23:25:02   ├─ /es/obra/una-historia-imaginaria/index.md (+32ms) 
23:25:02   ├─ /es/obra/crisalida/index.json (+32ms) 
23:25:02   ├─ /es/obra/crisalida/index.md (+26ms) 
23:25:02   ├─ /es/obra/justicia-ilegal/index.json (+38ms) 
23:25:02   ├─ /es/obra/justicia-ilegal/index.md (+26ms) 
23:25:02   ├─ /es/obra/a-que-tienes-derecho/index.json (+33ms) 
23:25:02   ├─ /es/obra/a-que-tienes-derecho/index.md (+32ms) 
23:25:02   ├─ /es/obra/los-de-abajo/index.json (+37ms) 
23:25:02   ├─ /es/obra/los-de-abajo/index.md (+24ms) 
23:25:02   ├─ /es/obra/esqueletos/index.json (+21ms) 
23:25:02   ├─ /es/obra/esqueletos/index.md (+32ms) 
23:25:02   ├─ /es/obra/corazon-dormido/index.json (+33ms) 
23:25:02   ├─ /es/obra/corazon-dormido/index.md (+43ms) 
23:25:02   ├─ /es/obra/retrospectiva/index.json (+34ms) 
23:25:02   ├─ /es/obra/retrospectiva/index.md (+33ms) 
23:25:02   ├─ /es/obra/economia-casera/index.json (+38ms) 
23:25:02   ├─ /es/obra/economia-casera/index.md (+21ms) 
23:25:02   ├─ /es/obra/dolor-paynalton-m086/index.json (+19ms) 
23:25:02   ├─ /es/obra/dolor-paynalton-m086/index.md (+28ms) 
23:25:02   ├─ /es/obra/la-generacion-de-intereses-devalua-las-monedas-porque-porque-lo-digo-yo/index.json (+26ms) 
23:25:02   ├─ /es/obra/la-generacion-de-intereses-devalua-las-monedas-porque-porque-lo-digo-yo/index.md (+30ms) 
23:25:02   ├─ /es/obra/caja-se-siembra/index.json (+28ms) 
23:25:02   ├─ /es/obra/caja-se-siembra/index.md (+33ms) 
23:25:02   ├─ /es/obra/control-de-inflacion/index.json (+30ms) 
23:25:02   ├─ /es/obra/control-de-inflacion/index.md (+21ms) 
23:25:02   ├─ /es/obra/viaje-solitario/index.json (+20ms) 
23:25:02   ├─ /es/obra/viaje-solitario/index.md (+26ms) 
23:25:02   ├─ /es/obra/el-cuarto-poder/index.json (+21ms) 
23:25:02   ├─ /es/obra/el-cuarto-poder/index.md (+27ms) 
23:25:02   ├─ /es/obra/dama-de-suenos/index.json (+25ms) 
23:25:03   ├─ /es/obra/dama-de-suenos/index.md (+28ms) 
23:25:03   ├─ /es/obra/control-de-armas/index.json (+19ms) 
23:25:03   ├─ /es/obra/control-de-armas/index.md (+23ms) 
23:25:03   ├─ /es/obra/volver-a-casa/index.json (+26ms) 
23:25:03   ├─ /es/obra/volver-a-casa/index.md (+31ms) 
23:25:03   ├─ /es/obra/humildad/index.json (+49ms) 
23:25:03   ├─ /es/obra/humildad/index.md (+27ms) 
23:25:03   ├─ /es/obra/la-innovacion-cristiana/index.json (+29ms) 
23:25:03   ├─ /es/obra/la-innovacion-cristiana/index.md (+22ms) 
23:25:03   ├─ /es/obra/partida/index.json (+24ms) 
23:25:03   ├─ /es/obra/partida/index.md (+26ms) 
23:25:03   ├─ /es/obra/los-juegos-del-salario/index.json (+21ms) 
23:25:03   ├─ /es/obra/los-juegos-del-salario/index.md (+20ms) 
23:25:03   ├─ /es/obra/perdidos/index.json (+20ms) 
23:25:03   ├─ /es/obra/perdidos/index.md (+25ms) 
23:25:03   ├─ /es/obra/mmorpg-opensource/index.json (+28ms) 
23:25:03   ├─ /es/obra/mmorpg-opensource/index.md (+29ms) 
23:25:03   ├─ /es/obra/el-traje-nuevo-del-millenial/index.json (+32ms) 
23:25:03   ├─ /es/obra/el-traje-nuevo-del-millenial/index.md (+31ms) 
23:25:03   ├─ /es/obra/el-origen-del-mal/index.json (+35ms) 
23:25:03   ├─ /es/obra/el-origen-del-mal/index.md (+52ms) 
23:25:03   ├─ /es/obra/trabajo-colaborativo-vs-jerarquico/index.json (+47ms) 
23:25:03   ├─ /es/obra/trabajo-colaborativo-vs-jerarquico/index.md (+33ms) 
23:25:03   ├─ /es/obra/la-carta/index.json (+45ms) 
23:25:03   ├─ /es/obra/la-carta/index.md (+34ms) 
23:25:03   ├─ /es/obra/el-poder-magisterial/index.json (+32ms) 
23:25:03   ├─ /es/obra/el-poder-magisterial/index.md (+30ms) 
23:25:03   ├─ /es/obra/despertar/index.json (+37ms) 
23:25:03   ├─ /es/obra/despertar/index.md (+31ms) 
23:25:03   ├─ /es/obra/capitalismo-vs-dinerismo/index.json (+40ms) 
23:25:03   ├─ /es/obra/capitalismo-vs-dinerismo/index.md (+22ms) 
23:25:03   ├─ /es/obra/el-dios-en-que-yo-creo/index.json (+27ms) 
23:25:03   ├─ /es/obra/el-dios-en-que-yo-creo/index.md (+22ms) 
23:25:04   ├─ /es/obra/decision/index.json (+22ms) 
23:25:04   ├─ /es/obra/decision/index.md (+38ms) 
23:25:04   ├─ /es/obra/evangelio-del-gato-negro/index.json (+43ms) 
23:25:04   ├─ /es/obra/evangelio-del-gato-negro/index.md (+25ms) 
23:25:04   ├─ /es/obra/improvisado/index.json (+28ms) 
23:25:04   ├─ /es/obra/improvisado/index.md (+32ms) 
23:25:04   ├─ /es/obra/susurros-en-la-oscuridad/index.json (+31ms) 
23:25:04   ├─ /es/obra/susurros-en-la-oscuridad/index.md (+32ms) 
23:25:04   ├─ /es/obra/enfermera/index.json (+32ms) 
23:25:04   ├─ /es/obra/enfermera/index.md (+37ms) 
23:25:04   ├─ /es/obra/especialista-en-latam/index.json (+60ms) 
23:25:04   ├─ /es/obra/especialista-en-latam/index.md (+38ms) 
23:25:04   ├─ /es/obra/la-partera/index.json (+48ms) 
23:25:04   ├─ /es/obra/la-partera/index.md (+25ms) 
23:25:04   ├─ /es/obra/se-estan-comiendo-que/index.json (+27ms) 
23:25:04   ├─ /es/obra/se-estan-comiendo-que/index.md (+30ms) 
23:25:04   ├─ /es/obra/debate-para-incidente-io-8c9beaf3b0-e/index.json (+33ms) 
23:25:04   ├─ /es/obra/debate-para-incidente-io-8c9beaf3b0-e/index.md (+25ms) 
23:25:04   ├─ /es/obra/barbacoa-de-uma-estilo-culiacan/index.json (+24ms) 
23:25:04   ├─ /es/obra/barbacoa-de-uma-estilo-culiacan/index.md (+22ms) 
23:25:04   ├─ /es/obra/mi-primera-chamba-galactica/index.json (+28ms) 
23:25:04   ├─ /es/obra/mi-primera-chamba-galactica/index.md (+28ms) 
23:25:04   ├─ /es/obra/porque-los-brancianos-le-temen-a-las-pinatas/index.json (+30ms) 
23:25:04   ├─ /es/obra/porque-los-brancianos-le-temen-a-las-pinatas/index.md (+29ms) 
23:25:04   ├─ /es/obra/mariachis-de-bolsillo/index.json (+32ms) 
23:25:04   ├─ /es/obra/mariachis-de-bolsillo/index.md (+24ms) 
23:25:04   ├─ /es/obra/sayula-iii/index.json (+22ms) 
23:25:04   ├─ /es/obra/sayula-iii/index.md (+22ms) 
23:25:04   ├─ /es/obra/horda-latam/index.json (+23ms) 
23:25:04   ├─ /es/obra/horda-latam/index.md (+23ms) 
23:25:04   ├─ /es/obra/extraviado/index.json (+22ms) 
23:25:04   ├─ /es/obra/extraviado/index.md (+35ms) 
23:25:04   ├─ /es/obra/legado/index.json (+31ms) 
23:25:05   ├─ /es/obra/legado/index.md (+25ms) 
23:25:05   ├─ /es/obra/ellos-marcaban-sus-cuerpos/index.json (+23ms) 
23:25:05   ├─ /es/obra/ellos-marcaban-sus-cuerpos/index.md (+33ms) 
23:25:05   ├─ /es/obra/se-solicita-ingeniero-ftl-humano/index.json (+24ms) 
23:25:05   ├─ /es/obra/se-solicita-ingeniero-ftl-humano/index.md (+37ms) 
23:25:05   ├─ /es/proyectos/pipila/index.json (+55ms) 
23:25:05   ├─ /es/proyectos/pipila/index.md (+35ms) 
23:25:05   ├─ /es/proyectos/onix/index.json (+24ms) 
23:25:05   ├─ /es/proyectos/onix/index.md (+29ms) 
23:25:05   ├─ /es/proyectos/guacamaya/index.json (+25ms) 
23:25:05   ├─ /es/proyectos/guacamaya/index.md (+28ms) 
23:25:05   ├─ /es/proyectos/winner/index.json (+26ms) 
23:25:05   ├─ /es/proyectos/winner/index.md (+20ms) 
23:25:05   ├─ /es/proyectos/yayauhqui/index.json (+29ms) 
23:25:05   ├─ /es/proyectos/yayauhqui/index.md (+24ms) 
23:25:05   ├─ /es/proyectos/spellchecker/index.json (+32ms) 
23:25:05   ├─ /es/proyectos/spellchecker/index.md (+26ms) 
23:25:05   ├─ /es/proyectos/loro/index.json (+29ms) 
23:25:05   ├─ /es/proyectos/loro/index.md (+23ms) 
23:25:05   ├─ /es/proyectos/perico/index.json (+47ms) 
23:25:05   ├─ /es/proyectos/perico/index.md (+31ms) 
23:25:05   ├─ /es/proyectos/delta/index.json (+24ms) 
23:25:05   ├─ /es/proyectos/delta/index.md (+27ms) 
23:25:05   ├─ /es/proyectos/delta-commerce/index.json (+22ms) 
23:25:05   ├─ /es/proyectos/delta-commerce/index.md (+26ms) 
23:25:05   ├─ /es/proyectos/k4y/index.json (+27ms) 
23:25:05   ├─ /es/proyectos/k4y/index.md (+32ms) 
23:25:05   ├─ /es/proyectos/holstein/index.json (+27ms) 
23:25:05   ├─ /es/proyectos/holstein/index.md (+26ms) 
23:25:05   ├─ /es/index.html (+97ms) 
23:25:05   ├─ /es/proyectos/index.html (+52ms) 
23:25:06   ├─ /es/trayectoria/index.html (+50ms) 
23:25:06   ├─ /es/obra/index.html (+61ms) 
23:25:06   ├─ /es/sobre-mi/index.html (+71ms) 
23:25:06   ├─ /es/contacto/index.html (+64ms) 
23:25:06   ├─ /es/explorar/index.html (+59ms) 
23:25:06   ├─ /es/temas/index.html (+49ms) 
23:25:06   ├─ /es/proyectos/pipila/index.html (+46ms) 
23:25:06   ├─ /es/temas/integracion-de-sistemas/index.html (+51ms) 
23:25:06   ├─ /es/proyectos/onix/index.html (+46ms) 
23:25:06   ├─ /es/proyectos/guacamaya/index.html (+54ms) 
23:25:06   ├─ /es/proyectos/winner/index.html (+83ms) 
23:25:06   ├─ /es/proyectos/yayauhqui/index.html (+62ms) 
23:25:06   ├─ /es/proyectos/spellchecker/index.html (+50ms) 
23:25:06   ├─ /es/proyectos/loro/index.html (+61ms) 
23:25:06   ├─ /es/proyectos/perico/index.html (+69ms) 
23:25:06   ├─ /es/proyectos/delta/index.html (+54ms) 
23:25:06   ├─ /es/proyectos/delta-commerce/index.html (+56ms) 
23:25:06   ├─ /es/proyectos/k4y/index.html (+62ms) 
23:25:07   ├─ /es/proyectos/holstein/index.html (+61ms) 
23:25:07   ├─ /es/temas/arquitectura-de-soluciones/index.html (+69ms) 
23:25:07   ├─ /es/temas/desarrollo-fullstack/index.html (+63ms) 
23:25:07   ├─ /es/temas/operacion-y-modernizacion/index.html (+53ms) 
23:25:07   ├─ /es/temas/trabajo-con-inteligencia-artificial/index.html (+60ms) 
23:25:07   ├─ /es/temas/liderazgo-de-equipos/index.html (+64ms) 
23:25:07   ├─ /es/books/cuando-la-tostadora-te-responde/index.html (+81ms) 
23:25:07   ├─ /es/temas/resolucion-de-problemas/index.html (+78ms) 
23:25:07   ├─ /es/temas/memoria-y-contexto-de-agentes/index.html (+66ms) 
23:25:07   ├─ /es/temas/creacion-editorial/index.html (+62ms) 
23:25:07   ├─ /es/temas/inteligencia-y-humanidad/index.html (+77ms) 
23:25:07   ├─ /es/temas/lectura-categoria-academicos/index.html (+53ms) 
23:25:07   ├─ /es/temas/lectura-texto-teorico/index.html (+49ms) 
23:25:07   ├─ /es/temas/lectura-matematicas/index.html (+61ms) 
23:25:07   ├─ /es/temas/lectura-indeterminacion/index.html (+64ms) 
23:25:08   ├─ /es/temas/lectura-conocimiento/index.html (+60ms) 
23:25:08   ├─ /es/obra/aritmetica-con-numeros-indeterminados/index.html (+64ms) 
23:25:08   ├─ /es/temas/lectura-categoria-cuentos/index.html (+50ms) 
23:25:08   ├─ /es/temas/lectura-cuento/index.html (+50ms) 
23:25:08   ├─ /es/temas/lectura-terror/index.html (+57ms) 
23:25:08   ├─ /es/temas/lectura-ciudad/index.html (+59ms) 
23:25:08   ├─ /es/temas/lectura-muerte/index.html (+59ms) 
23:25:08   ├─ /es/obra/la-chica-nueva/index.html (+61ms) 
23:25:08   ├─ /es/temas/lectura-categoria-editoriales/index.html (+70ms) 
23:25:08   ├─ /es/temas/lectura-presentacion-editorial/index.html (+49ms) 
23:25:08   ├─ /es/temas/lectura-presentacion/index.html (+60ms) 
23:25:08   ├─ /es/obra/presentacion/index.html (+52ms) 
23:25:08   ├─ /es/temas/lectura-crisis-economica/index.html (+51ms) 
23:25:08   ├─ /es/temas/lectura-pareja/index.html (+54ms) 
23:25:08   ├─ /es/obra/silencio-oscuridad-y-muerte/index.html (+64ms) 
23:25:08   ├─ /es/temas/lectura-memoria/index.html (+53ms) 
23:25:08   ├─ /es/temas/lectura-identidad/index.html (+68ms) 
23:25:08   ├─ /es/obra/amnesia/index.html (+55ms) 
23:25:09   ├─ /es/temas/lectura-drama-social/index.html (+56ms) 
23:25:09   ├─ /es/temas/lectura-infancia/index.html (+65ms) 
23:25:09   ├─ /es/temas/lectura-familia/index.html (+53ms) 
23:25:09   ├─ /es/temas/lectura-violencia/index.html (+63ms) 
23:25:09   ├─ /es/obra/mama/index.html (+95ms) 
23:25:09   ├─ /es/temas/lectura-sobrenatural/index.html (+73ms) 
23:25:09   ├─ /es/temas/lectura-memoria-historica/index.html (+49ms) 
23:25:09   ├─ /es/obra/la-niebla-de-san-jacinto/index.html (+74ms) 
23:25:09   ├─ /es/temas/lectura-fantasia/index.html (+54ms) 
23:25:09   ├─ /es/temas/lectura-fanfiction/index.html (+70ms) 
23:25:09   ├─ /es/temas/lectura-aventura/index.html (+70ms) 
23:25:09   ├─ /es/temas/lectura-ingenio/index.html (+54ms) 
23:25:09   ├─ /es/obra/por-un-poco-de-kaja-mita/index.html (+55ms) 
23:25:09   ├─ /es/temas/lectura-supervivencia/index.html (+55ms) 
23:25:09   ├─ /es/obra/barriada/index.html (+47ms) 
23:25:09   ├─ /es/temas/lectura-categoria-poesia/index.html (+61ms) 
23:25:10   ├─ /es/temas/lectura-poesia/index.html (+55ms) 
23:25:10   ├─ /es/temas/lectura-prosa-poetica/index.html (+55ms) 
23:25:10   ├─ /es/temas/lectura-amor/index.html (+85ms) 
23:25:10   ├─ /es/temas/lectura-desamor/index.html (+65ms) 
23:25:10   ├─ /es/temas/lectura-lluvia/index.html (+56ms) 
23:25:10   ├─ /es/obra/gotas-de-lluvia/index.html (+51ms) 
23:25:10   ├─ /es/obra/presentando/index.html (+58ms) 
23:25:10   ├─ /es/temas/lectura-microrrelato/index.html (+57ms) 
23:25:10   ├─ /es/obra/rosa/index.html (+51ms) 
23:25:10   ├─ /es/temas/lectura-duelo/index.html (+57ms) 
23:25:10   ├─ /es/temas/lectura-esperanza/index.html (+63ms) 
23:25:10   ├─ /es/temas/lectura-amistad/index.html (+64ms) 
23:25:10   ├─ /es/obra/el-hada/index.html (+48ms) 
23:25:10   ├─ /es/temas/lectura-poema/index.html (+60ms) 
23:25:10   ├─ /es/temas/lectura-ausencia/index.html (+77ms) 
23:25:10   ├─ /es/obra/cuanto-hace-ya/index.html (+53ms) 
23:25:10   ├─ /es/temas/lectura-soledad/index.html (+53ms) 
23:25:11   ├─ /es/temas/lectura-naturaleza/index.html (+52ms) 
23:25:11   ├─ /es/obra/hojas-secas/index.html (+73ms) 
23:25:11   ├─ /es/temas/lectura-viaje/index.html (+56ms) 
23:25:11   ├─ /es/obra/hacia-el-mar/index.html (+98ms) 
23:25:11   ├─ /es/temas/lectura-intimidad/index.html (+70ms) 
23:25:11   ├─ /es/obra/mirame/index.html (+59ms) 
23:25:11   ├─ /es/obra/la-flama/index.html (+47ms) 
23:25:11   ├─ /es/temas/lectura-mar/index.html (+54ms) 
23:25:11   ├─ /es/obra/la-reina-del-mar/index.html (+46ms) 
23:25:11   ├─ /es/temas/lectura-recuperacion-emocional/index.html (+43ms) 
23:25:11   ├─ /es/obra/que-facil-es-decir-te-amo/index.html (+53ms) 
23:25:11   ├─ /es/temas/lectura-suenos/index.html (+70ms) 
23:25:11   ├─ /es/obra/princesa/index.html (+61ms) 
23:25:11   ├─ /es/temas/lectura-perdida/index.html (+52ms) 
23:25:11   ├─ /es/obra/mi-querido-arbol/index.html (+53ms) 
23:25:11   ├─ /es/temas/lectura-intolerancia/index.html (+62ms) 
23:25:12   ├─ /es/obra/el-reencuentro/index.html (+52ms) 
23:25:12   ├─ /es/temas/lectura-trabajo/index.html (+59ms) 
23:25:12   ├─ /es/obra/estrellas-errantes/index.html (+51ms) 
23:25:12   ├─ /es/obra/historias-olvidadas/index.html (+73ms) 
23:25:12   ├─ /es/temas/lectura-magia/index.html (+78ms) 
23:25:12   ├─ /es/obra/la-huida/index.html (+81ms) 
23:25:12   ├─ /es/temas/lectura-libertad/index.html (+61ms) 
23:25:12   ├─ /es/obra/princesa-sin-reino/index.html (+59ms) 
23:25:12   ├─ /es/obra/texto-11-de-junio/index.html (+62ms) 
23:25:12   ├─ /es/obra/hada/index.html (+52ms) 
23:25:12   ├─ /es/temas/lectura-noche/index.html (+55ms) 
23:25:12   ├─ /es/obra/de-noche-en-la-ciudad/index.html (+89ms) 
23:25:12   ├─ /es/temas/lectura-deseo/index.html (+50ms) 
23:25:12   ├─ /es/obra/labios/index.html (+50ms) 
23:25:12   ├─ /es/temas/lectura-fabula/index.html (+56ms) 
23:25:12   ├─ /es/obra/la-luciernaga/index.html (+52ms) 
23:25:12   ├─ /es/temas/lectura-categoria-reflexiones-filosoficas/index.html (+50ms) 
23:25:13   ├─ /es/temas/lectura-reflexion-filosofica/index.html (+64ms) 
23:25:13   ├─ /es/temas/lectura-filosofia-de-la-vida/index.html (+52ms) 
23:25:13   ├─ /es/temas/lectura-ecologia/index.html (+47ms) 
23:25:13   ├─ /es/temas/lectura-tecnologia/index.html (+47ms) 
23:25:13   ├─ /es/temas/lectura-humanidad/index.html (+54ms) 
23:25:13   ├─ /es/obra/pandora/index.html (+63ms) 
23:25:13   ├─ /es/temas/lectura-identidad-digital/index.html (+57ms) 
23:25:13   ├─ /es/obra/sobre-la-montana-plateada/index.html (+48ms) 
23:25:13   ├─ /es/temas/lectura-filosofia-de-la-mente/index.html (+64ms) 
23:25:13   ├─ /es/temas/lectura-conciencia/index.html (+50ms) 
23:25:13   ├─ /es/temas/lectura-lenguaje/index.html (+61ms) 
23:25:13   ├─ /es/obra/los-dos-concientes/index.html (+67ms) 
23:25:13   ├─ /es/temas/lectura-categoria-personales/index.html (+52ms) 
23:25:13   ├─ /es/temas/lectura-texto-personal/index.html (+63ms) 
23:25:13   ├─ /es/temas/lectura-cronica-personal/index.html (+54ms) 
23:25:13   ├─ /es/temas/lectura-literatura/index.html (+66ms) 
23:25:13   ├─ /es/obra/la-locura-de-quijote/index.html (+50ms) 
23:25:13   ├─ /es/temas/lectura-etica/index.html (+51ms) 
23:25:14   ├─ /es/obra/carta-de-un-padre-a-su-hijo-en-dia-de-reyes/index.html (+62ms) 
23:25:14   ├─ /es/temas/lectura-cuento-filosofico/index.html (+59ms) 
23:25:14   ├─ /es/temas/lectura-alegoria/index.html (+55ms) 
23:25:14   ├─ /es/temas/lectura-religion/index.html (+67ms) 
23:25:14   ├─ /es/obra/existio-una-vez/index.html (+61ms) 
23:25:14   ├─ /es/temas/lectura-categoria-criticas/index.html (+56ms) 
23:25:14   ├─ /es/temas/lectura-critica/index.html (+100ms) 
23:25:14   ├─ /es/temas/lectura-critica-cultural/index.html (+54ms) 
23:25:14   ├─ /es/temas/lectura-economia/index.html (+51ms) 
23:25:14   ├─ /es/temas/lectura-musica/index.html (+51ms) 
23:25:14   ├─ /es/temas/lectura-propiedad-intelectual/index.html (+49ms) 
23:25:14   ├─ /es/obra/pirateria-y-oportunidad/index.html (+55ms) 
23:25:14   ├─ /es/temas/lectura-reflexion-personal/index.html (+60ms) 
23:25:14   ├─ /es/obra/dolor/index.html (+60ms) 
23:25:14   ├─ /es/temas/lectura-filosofia-existencial/index.html (+65ms) 
23:25:14   ├─ /es/temas/lectura-normas-sociales/index.html (+64ms) 
23:25:15   ├─ /es/obra/locura-hermosa-locura/index.html (+84ms) 
23:25:15   ├─ /es/temas/lectura-percepcion/index.html (+56ms) 
23:25:15   ├─ /es/obra/memoria-alguien-ha-visto-mi-memoria/index.html (+81ms) 
23:25:15   ├─ /es/temas/lectura-filosofia-de-la-tecnologia/index.html (+64ms) 
23:25:15   ├─ /es/obra/cyborg/index.html (+48ms) 
23:25:15   ├─ /es/temas/lectura-critica-social/index.html (+56ms) 
23:25:15   ├─ /es/temas/lectura-educacion/index.html (+59ms) 
23:25:15   ├─ /es/obra/bullyng/index.html (+49ms) 
23:25:15   ├─ /es/obra/descubrimiento/index.html (+50ms) 
23:25:15   ├─ /es/temas/lectura-mexico/index.html (+49ms) 
23:25:15   ├─ /es/temas/lectura-progreso/index.html (+55ms) 
23:25:15   ├─ /es/temas/lectura-imaginacion/index.html (+57ms) 
23:25:15   ├─ /es/obra/el-estupor-mexicano/index.html (+56ms) 
23:25:15   ├─ /es/temas/lectura-categoria-humor/index.html (+54ms) 
23:25:15   ├─ /es/temas/lectura-humor/index.html (+64ms) 
23:25:15   ├─ /es/temas/lectura-parodia/index.html (+58ms) 
23:25:15   ├─ /es/temas/lectura-relaciones-de-pareja/index.html (+62ms) 
23:25:16   ├─ /es/temas/lectura-informatica/index.html (+56ms) 
23:25:16   ├─ /es/obra/howto-novia/index.html (+62ms) 
23:25:16   ├─ /es/temas/lectura-categoria-tecnicos/index.html (+68ms) 
23:25:16   ├─ /es/temas/lectura-texto-tecnico/index.html (+59ms) 
23:25:16   ├─ /es/temas/lectura-divulgacion-tecnica/index.html (+57ms) 
23:25:16   ├─ /es/temas/lectura-gnu-linux/index.html (+80ms) 
23:25:16   ├─ /es/temas/lectura-software-libre/index.html (+69ms) 
23:25:16   ├─ /es/obra/guia-1/index.html (+53ms) 
23:25:16   ├─ /es/temas/lectura-tutorial/index.html (+58ms) 
23:25:16   ├─ /es/temas/lectura-administracion-de-sistemas/index.html (+69ms) 
23:25:16   ├─ /es/obra/paquetes-y-dependencias-en-gnu-linux/index.html (+46ms) 
23:25:16   ├─ /es/temas/lectura-seguridad-informatica/index.html (+54ms) 
23:25:16   ├─ /es/obra/usuarios-y-permisos-en-gnu-linux/index.html (+59ms) 
23:25:16   ├─ /es/temas/lectura-vejez/index.html (+52ms) 
23:25:16   ├─ /es/obra/el-jardin/index.html (+55ms) 
23:25:16   ├─ /es/temas/lectura-nota-personal/index.html (+58ms) 
23:25:16   ├─ /es/temas/lectura-arte-digital/index.html (+59ms) 
23:25:17   ├─ /es/obra/manga/index.html (+70ms) 
23:25:17   ├─ /es/temas/lectura-dedicatoria/index.html (+84ms) 
23:25:17   ├─ /es/obra/te-amo/index.html (+68ms) 
23:25:17   ├─ /es/temas/lectura-separacion/index.html (+59ms) 
23:25:17   ├─ /es/obra/la-bestia-de-metal/index.html (+55ms) 
23:25:17   ├─ /es/temas/lectura-programacion/index.html (+57ms) 
23:25:17   ├─ /es/temas/lectura-efectos-visuales/index.html (+55ms) 
23:25:17   ├─ /es/obra/noche-de-brujas-en-diabuluz/index.html (+69ms) 
23:25:17   ├─ /es/temas/lectura-nota-tecnica/index.html (+51ms) 
23:25:17   ├─ /es/temas/lectura-android/index.html (+67ms) 
23:25:17   ├─ /es/obra/decodificando-entidades-html-en-android/index.html (+93ms) 
23:25:17   ├─ /es/temas/lectura-diagnostico-tecnico/index.html (+88ms) 
23:25:17   ├─ /es/obra/google-chrome-crash-solved/index.html (+50ms) 
23:25:17   ├─ /es/temas/lectura-drama/index.html (+64ms) 
23:25:17   ├─ /es/temas/lectura-promesas/index.html (+61ms) 
23:25:18   ├─ /es/obra/promesas/index.html (+48ms) 
23:25:18   ├─ /es/temas/lectura-critica-literaria/index.html (+61ms) 
23:25:18   ├─ /es/obra/paulo-coelho/index.html (+76ms) 
23:25:18   ├─ /es/obra/una-historia-imaginaria/index.html (+56ms) 
23:25:18   ├─ /es/temas/lectura-transformacion-personal/index.html (+52ms) 
23:25:18   ├─ /es/obra/crisalida/index.html (+80ms) 
23:25:18   ├─ /es/temas/lectura-aforismo/index.html (+65ms) 
23:25:18   ├─ /es/temas/lectura-justicia/index.html (+75ms) 
23:25:18   ├─ /es/temas/lectura-politica/index.html (+60ms) 
23:25:18   ├─ /es/obra/justicia-ilegal/index.html (+68ms) 
23:25:18   ├─ /es/temas/lectura-vida/index.html (+79ms) 
23:25:18   ├─ /es/obra/a-que-tienes-derecho/index.html (+54ms) 
23:25:18   ├─ /es/temas/lectura-desigualdad/index.html (+48ms) 
23:25:18   ├─ /es/temas/lectura-exito/index.html (+66ms) 
23:25:18   ├─ /es/obra/los-de-abajo/index.html (+100ms) 
23:25:19   ├─ /es/temas/lectura-filosofia-social/index.html (+59ms) 
23:25:19   ├─ /es/temas/lectura-cambio/index.html (+55ms) 
23:25:19   ├─ /es/temas/lectura-ideas/index.html (+50ms) 
23:25:19   ├─ /es/obra/esqueletos/index.html (+50ms) 
23:25:19   ├─ /es/obra/corazon-dormido/index.html (+56ms) 
23:25:19   ├─ /es/temas/lectura-proposito/index.html (+63ms) 
23:25:19   ├─ /es/obra/retrospectiva/index.html (+63ms) 
23:25:19   ├─ /es/temas/lectura-opinion-economica/index.html (+57ms) 
23:25:19   ├─ /es/temas/lectura-autoconsumo/index.html (+49ms) 
23:25:19   ├─ /es/obra/economia-casera/index.html (+74ms) 
23:25:19   ├─ /es/temas/lectura-eternidad/index.html (+72ms) 
23:25:19   ├─ /es/obra/dolor-paynalton-m086/index.html (+57ms) 
23:25:19   ├─ /es/temas/lectura-dinero/index.html (+53ms) 
23:25:19   ├─ /es/temas/lectura-deuda/index.html (+53ms) 
23:25:19   ├─ /es/obra/la-generacion-de-intereses-devalua-las-monedas-porque-porque-lo-digo-yo/index.html (+51ms) 
23:25:19   ├─ /es/temas/lectura-propuesta-tecnica/index.html (+51ms) 
23:25:19   ├─ /es/temas/lectura-agricultura/index.html (+62ms) 
23:25:19   ├─ /es/temas/lectura-automatizacion/index.html (+70ms) 
23:25:20   ├─ /es/obra/caja-se-siembra/index.html (+58ms) 
23:25:20   ├─ /es/temas/lectura-credito/index.html (+71ms) 
23:25:20   ├─ /es/obra/control-de-inflacion/index.html (+61ms) 
23:25:20   ├─ /es/obra/viaje-solitario/index.html (+62ms) 
23:25:20   ├─ /es/temas/lectura-propuesta-politica/index.html (+49ms) 
23:25:20   ├─ /es/temas/lectura-democracia/index.html (+53ms) 
23:25:20   ├─ /es/temas/lectura-poder/index.html (+53ms) 
23:25:20   ├─ /es/obra/el-cuarto-poder/index.html (+55ms) 
23:25:20   ├─ /es/obra/dama-de-suenos/index.html (+56ms) 
23:25:20   ├─ /es/temas/lectura-critica-politica/index.html (+54ms) 
23:25:20   ├─ /es/temas/lectura-armas/index.html (+52ms) 
23:25:20   ├─ /es/obra/control-de-armas/index.html (+63ms) 
23:25:20   ├─ /es/temas/lectura-despedida/index.html (+69ms) 
23:25:20   ├─ /es/obra/volver-a-casa/index.html (+66ms) 
23:25:20   ├─ /es/temas/lectura-prejuicios/index.html (+53ms) 
23:25:20   ├─ /es/temas/lectura-empatia/index.html (+48ms) 
23:25:20   ├─ /es/obra/humildad/index.html (+49ms) 
23:25:21   ├─ /es/temas/lectura-filosofia-de-la-religion/index.html (+49ms) 
23:25:21   ├─ /es/obra/la-innovacion-cristiana/index.html (+70ms) 
23:25:21   ├─ /es/obra/partida/index.html (+66ms) 
23:25:21   ├─ /es/temas/lectura-opinion-profesional/index.html (+57ms) 
23:25:21   ├─ /es/temas/lectura-motivacion/index.html (+53ms) 
23:25:21   ├─ /es/obra/los-juegos-del-salario/index.html (+60ms) 
23:25:21   ├─ /es/obra/perdidos/index.html (+53ms) 
23:25:21   ├─ /es/temas/lectura-videojuegos/index.html (+57ms) 
23:25:21   ├─ /es/temas/lectura-interoperabilidad/index.html (+54ms) 
23:25:21   ├─ /es/obra/mmorpg-opensource/index.html (+61ms) 
23:25:21   ├─ /es/temas/lectura-algoritmos/index.html (+61ms) 
23:25:21   ├─ /es/temas/lectura-redes-sociales/index.html (+72ms) 
23:25:21   ├─ /es/obra/el-traje-nuevo-del-millenial/index.html (+75ms) 
23:25:21   ├─ /es/temas/lectura-pensiones/index.html (+76ms) 
23:25:21   ├─ /es/temas/lectura-dependencia/index.html (+63ms) 
23:25:21   ├─ /es/obra/el-origen-del-mal/index.html (+59ms) 
23:25:22   ├─ /es/temas/lectura-colaboracion/index.html (+60ms) 
23:25:22   ├─ /es/temas/lectura-jerarquia/index.html (+51ms) 
23:25:22   ├─ /es/obra/trabajo-colaborativo-vs-jerarquico/index.html (+53ms) 
23:25:22   ├─ /es/temas/lectura-ciencia-ficcion/index.html (+53ms) 
23:25:22   ├─ /es/temas/lectura-arqueologia/index.html (+52ms) 
23:25:22   ├─ /es/obra/la-carta/index.html (+54ms) 
23:25:22   ├─ /es/obra/el-poder-magisterial/index.html (+49ms) 
23:25:22   ├─ /es/obra/despertar/index.html (+54ms) 
23:25:22   ├─ /es/obra/capitalismo-vs-dinerismo/index.html (+57ms) 
23:25:22   ├─ /es/temas/lectura-existencia/index.html (+52ms) 
23:25:22   ├─ /es/obra/el-dios-en-que-yo-creo/index.html (+60ms) 
23:25:22   ├─ /es/temas/lectura-decisiones/index.html (+81ms) 
23:25:22   ├─ /es/obra/decision/index.html (+86ms) 
23:25:22   ├─ /es/temas/lectura-ficcion-filosofica/index.html (+65ms) 
23:25:22   ├─ /es/obra/evangelio-del-gato-negro/index.html (+51ms) 
23:25:22   ├─ /es/obra/improvisado/index.html (+65ms) 
23:25:22   ├─ /es/obra/susurros-en-la-oscuridad/index.html (+50ms) 
23:25:23   ├─ /es/temas/lectura-tiempo/index.html (+69ms) 
23:25:23   ├─ /es/obra/enfermera/index.html (+52ms) 
23:25:23   ├─ /es/temas/lectura-choque-cultural/index.html (+70ms) 
23:25:23   ├─ /es/obra/especialista-en-latam/index.html (+57ms) 
23:25:23   ├─ /es/temas/lectura-solidaridad/index.html (+49ms) 
23:25:23   ├─ /es/obra/la-partera/index.html (+73ms) 
23:25:23   ├─ /es/temas/lectura-gastronomia/index.html (+68ms) 
23:25:23   ├─ /es/obra/se-estan-comiendo-que/index.html (+79ms) 
23:25:23   ├─ /es/temas/lectura-inteligencia-artificial/index.html (+57ms) 
23:25:23   ├─ /es/temas/lectura-coexistencia/index.html (+75ms) 
23:25:23   ├─ /es/obra/debate-para-incidente-io-8c9beaf3b0-e/index.html (+81ms) 
23:25:23   ├─ /es/temas/lectura-guerra/index.html (+53ms) 
23:25:23   ├─ /es/obra/barbacoa-de-uma-estilo-culiacan/index.html (+52ms) 
23:25:23   ├─ /es/temas/lectura-primer-contacto/index.html (+50ms) 
23:25:23   ├─ /es/temas/lectura-diplomacia/index.html (+51ms) 
23:25:23   ├─ /es/obra/mi-primera-chamba-galactica/index.html (+52ms) 
23:25:24   ├─ /es/temas/lectura-tradiciones/index.html (+60ms) 
23:25:24   ├─ /es/obra/porque-los-brancianos-le-temen-a-las-pinatas/index.html (+54ms) 
23:25:24   ├─ /es/obra/mariachis-de-bolsillo/index.html (+57ms) 
23:25:24   ├─ /es/temas/lectura-competencia/index.html (+61ms) 
23:25:24   ├─ /es/obra/sayula-iii/index.html (+87ms) 
23:25:24   ├─ /es/obra/horda-latam/index.html (+60ms) 
23:25:24   ├─ /es/temas/lectura-pertenencia/index.html (+53ms) 
23:25:24   ├─ /es/obra/extraviado/index.html (+54ms) 
23:25:24   ├─ /es/temas/lectura-arte/index.html (+46ms) 
23:25:24   ├─ /es/temas/lectura-legado/index.html (+49ms) 
23:25:24   ├─ /es/obra/legado/index.html (+50ms) 
23:25:24   ├─ /es/temas/lectura-discriminacion/index.html (+65ms) 
23:25:24   ├─ /es/temas/lectura-cuerpo/index.html (+66ms) 
23:25:24   ├─ /es/obra/ellos-marcaban-sus-cuerpos/index.html (+50ms) 
23:25:24   ├─ /es/obra/se-solicita-ingeniero-ftl-humano/index.html (+62ms) 
23:25:24   ├─ /index.html (+27ms) 
23:25:24 ✓ Completed in 27.99s.

23:25:24 [build] ✓ Completed in 28.68s.
23:25:24 [@astrojs/sitemap] `sitemap-index.xml` created at `.design-dist`
Publicación: 319 contenidos, 638 exportaciones, catálogo, llms.txt, robots y migración Netlify.
Pagefind: 311 documentos en /; idiomas y filtros desde contenido público.
Pagefind: 8 documentos en /design-review/journey; idiomas y filtros desde contenido público.
23:25:25 [build] 388 page(s) built in 30.30s
23:25:25 [build] Complete!
npm warn Unknown env config "always-auth". This will error in a future major version of npm. See `npm help npmrc` for supported config options.
npm warn Unknown user config "always-auth". This will stop working in the next major version of npm. See `npm help npmrc` for supported config options.
npm notice run paynalton.tech@0.0.1 test:design
npm notice run playwright test --config playwright.design.config.ts
[WebServer] npm warn Unknown env config "always-auth". This will error in a future major version of npm. See `npm help npmrc` for supported config options.
[WebServer] npm warn Unknown user config "always-auth". This will stop working in the next major version of npm. See `npm help npmrc` for supported config options.
[WebServer] npm notice run paynalton.tech@0.0.1 preview:design
[WebServer] npm notice run DESIGN_REVIEW=1 astro preview --host 127.0.0.1 --port 4322 --ignore-lock
[WebServer] (node:1121390) Warning: The 'NO_COLOR' env is ignored due to the 'FORCE_COLOR' env being set.
[WebServer] (Use `node --trace-warnings ...` to show where the warning was created)

Running 51 tests using 1 worker

(node:1121487) Warning: The 'NO_COLOR' env is ignored due to the 'FORCE_COLOR' env being set.
(Use `node --trace-warnings ...` to show where the warning was created)
  ✓   1 [desktop] › tests/design/reading.spec.ts:5:1 › library, work, chapter navigation, notes and reader captures (1.0s)
  ✓   2 [desktop] › tests/design/reading.spec.ts:21:1 › reader preferences persist, reset, honor blocked storage and keep both surfaces accessible (847ms)
  ✓   3 [desktop] › tests/design/reading.spec.ts:31:1 › chapter translation preserves identity; expanded RTL and 200 percent text fit (755ms)
  ✓   4 [desktop] › tests/design/reading.spec.ts:39:1 › reader remains usable without JavaScript and uses only local requests (403ms)
  ✓   5 [desktop] › tests/design/visual.spec.ts:5:30 › home: layout, accessibility, local assets and links (603ms)
  ✓   6 [desktop] › tests/design/visual.spec.ts:5:30 › project: layout, accessibility, local assets and links (594ms)
  ✓   7 [desktop] › tests/design/visual.spec.ts:5:30 › reading: layout, accessibility, local assets and links (703ms)
  ✓   8 [desktop] › tests/design/visual.spec.ts:5:30 › components: layout, accessibility, local assets and links (688ms)
  ✓   9 [desktop] › tests/design/visual.spec.ts:5:30 › expanded-home: layout, accessibility, local assets and links (526ms)
  ✓  10 [desktop] › tests/design/visual.spec.ts:5:30 › expanded-project: layout, accessibility, local assets and links (488ms)
  ✓  11 [desktop] › tests/design/visual.spec.ts:5:30 › expanded-reading: layout, accessibility, local assets and links (517ms)
  ✓  12 [desktop] › tests/design/visual.spec.ts:5:30 › expanded-components: layout, accessibility, local assets and links (511ms)
  ✓  13 [desktop] › tests/design/visual.spec.ts:5:30 › rtl-home: layout, accessibility, local assets and links (477ms)
  ✓  14 [desktop] › tests/design/visual.spec.ts:32:1 › control states, focus on both surfaces, text enlargement and no JavaScript (1.2s)
  ✓  15 [desktop] › tests/design/visual.spec.ts:56:1 › locale capability links equivalent pages and omits a singleton (205ms)
  ✓  16 [desktop] › tests/design/visual.spec.ts:68:1 › PT06 shared-template journey with expanded dictionary, RTL and missing equivalents (820ms)
  ✓  17 [desktop] › tests/design/visual.spec.ts:92:1 › PT09 index isolates languages and handles expanded RTL search controls (822ms)
(node:1122700) Warning: The 'NO_COLOR' env is ignored due to the 'FORCE_COLOR' env being set.
(Use `node --trace-warnings ...` to show where the warning was created)
  ✓  18 [mobile] › tests/design/reading.spec.ts:5:1 › library, work, chapter navigation, notes and reader captures (1.0s)
  ✓  19 [mobile] › tests/design/reading.spec.ts:21:1 › reader preferences persist, reset, honor blocked storage and keep both surfaces accessible (797ms)
  ✓  20 [mobile] › tests/design/reading.spec.ts:31:1 › chapter translation preserves identity; expanded RTL and 200 percent text fit (855ms)
  ✓  21 [mobile] › tests/design/reading.spec.ts:39:1 › reader remains usable without JavaScript and uses only local requests (398ms)
  ✓  22 [mobile] › tests/design/visual.spec.ts:5:30 › home: layout, accessibility, local assets and links (597ms)
  ✓  23 [mobile] › tests/design/visual.spec.ts:5:30 › project: layout, accessibility, local assets and links (559ms)
  ✓  24 [mobile] › tests/design/visual.spec.ts:5:30 › reading: layout, accessibility, local assets and links (565ms)
  ✓  25 [mobile] › tests/design/visual.spec.ts:5:30 › components: layout, accessibility, local assets and links (523ms)
  ✓  26 [mobile] › tests/design/visual.spec.ts:5:30 › expanded-home: layout, accessibility, local assets and links (504ms)
  ✓  27 [mobile] › tests/design/visual.spec.ts:5:30 › expanded-project: layout, accessibility, local assets and links (485ms)
  ✓  28 [mobile] › tests/design/visual.spec.ts:5:30 › expanded-reading: layout, accessibility, local assets and links (535ms)
  ✓  29 [mobile] › tests/design/visual.spec.ts:5:30 › expanded-components: layout, accessibility, local assets and links (514ms)
  ✓  30 [mobile] › tests/design/visual.spec.ts:5:30 › rtl-home: layout, accessibility, local assets and links (483ms)
  ✓  31 [mobile] › tests/design/visual.spec.ts:32:1 › control states, focus on both surfaces, text enlargement and no JavaScript (1.2s)
  ✓  32 [mobile] › tests/design/visual.spec.ts:56:1 › locale capability links equivalent pages and omits a singleton (193ms)
  ✓  33 [mobile] › tests/design/visual.spec.ts:68:1 › PT06 shared-template journey with expanded dictionary, RTL and missing equivalents (960ms)
  ✓  34 [mobile] › tests/design/visual.spec.ts:92:1 › PT09 index isolates languages and handles expanded RTL search controls (792ms)
(node:1123952) Warning: The 'NO_COLOR' env is ignored due to the 'FORCE_COLOR' env being set.
(Use `node --trace-warnings ...` to show where the warning was created)
  ✓  35 [small] › tests/design/reading.spec.ts:5:1 › library, work, chapter navigation, notes and reader captures (997ms)
  ✓  36 [small] › tests/design/reading.spec.ts:21:1 › reader preferences persist, reset, honor blocked storage and keep both surfaces accessible (892ms)
  ✓  37 [small] › tests/design/reading.spec.ts:31:1 › chapter translation preserves identity; expanded RTL and 200 percent text fit (783ms)
  ✓  38 [small] › tests/design/reading.spec.ts:39:1 › reader remains usable without JavaScript and uses only local requests (405ms)
  ✓  39 [small] › tests/design/visual.spec.ts:5:30 › home: layout, accessibility, local assets and links (483ms)
  ✓  40 [small] › tests/design/visual.spec.ts:5:30 › project: layout, accessibility, local assets and links (480ms)
  ✓  41 [small] › tests/design/visual.spec.ts:5:30 › reading: layout, accessibility, local assets and links (493ms)
  ✓  42 [small] › tests/design/visual.spec.ts:5:30 › components: layout, accessibility, local assets and links (499ms)
  ✓  43 [small] › tests/design/visual.spec.ts:5:30 › expanded-home: layout, accessibility, local assets and links (488ms)
  ✓  44 [small] › tests/design/visual.spec.ts:5:30 › expanded-project: layout, accessibility, local assets and links (465ms)
  ✓  45 [small] › tests/design/visual.spec.ts:5:30 › expanded-reading: layout, accessibility, local assets and links (527ms)
  ✓  46 [small] › tests/design/visual.spec.ts:5:30 › expanded-components: layout, accessibility, local assets and links (558ms)
  ✓  47 [small] › tests/design/visual.spec.ts:5:30 › rtl-home: layout, accessibility, local assets and links (428ms)
  ✓  48 [small] › tests/design/visual.spec.ts:32:1 › control states, focus on both surfaces, text enlargement and no JavaScript (1.2s)
  ✓  49 [small] › tests/design/visual.spec.ts:56:1 › locale capability links equivalent pages and omits a singleton (228ms)
  ✓  50 [small] › tests/design/visual.spec.ts:68:1 › PT06 shared-template journey with expanded dictionary, RTL and missing equivalents (969ms)
  ✓  51 [small] › tests/design/visual.spec.ts:92:1 › PT09 index isolates languages and handles expanded RTL search controls (773ms)

  51 passed (35.5s)
npm warn Unknown env config "always-auth". This will error in a future major version of npm. See `npm help npmrc` for supported config options.
npm warn Unknown user config "always-auth". This will stop working in the next major version of npm. See `npm help npmrc` for supported config options.
npm notice run paynalton.tech@0.0.1 verify:static
npm notice run npm run build && npm run build:static && node scripts/check-static-build.mjs && VITE_DISABLE_EFFECTS=1 npm run test:e2e -- tests/shell.spec.ts tests/search.spec.ts
npm warn Unknown env config "always-auth". This will error in a future major version of npm. See `npm help npmrc` for supported config options.
npm warn Unknown user config "always-auth". This will stop working in the next major version of npm. See `npm help npmrc` for supported config options.
npm notice run paynalton.tech@0.0.1 build
npm notice run astro build
23:26:02 [content] Syncing content
23:26:02 [WARN] [glob-loader] The base directory "/home/paynalton/Proyectos/paynalton.com/src/content/blog/" does not exist.
23:26:02 [content] Synced content
23:26:02 [types] Generated 486ms
23:26:02 [build] output: "static"
23:26:02 [build] mode: "static"
23:26:02 [build] directory: /home/paynalton/Proyectos/paynalton.com/dist/
23:26:02 [build] Collecting build info...
23:26:02 [build] ✓ Completed in 516ms.
23:26:02 [build] Building static entrypoints...
23:26:03 [vite] ✓ built in 425ms
23:26:03 [WARN] [vite] [plugin builtin:vite-reporter] 
(!) Some chunks are larger than 500 kB after minification. Consider:
- Using dynamic import() to code-split the application
- Use build.rolldownOptions.output.codeSplitting to improve chunking: https://rolldown.rs/reference/OutputOptions.codeSplitting
- Adjust chunk size limit for this warning via build.chunkSizeWarningLimit.
23:26:03 [vite] ✓ built in 258ms
23:26:03 [build] Rearranging server assets...

 generating static routes 
23:26:03   ├─ /404.html (+83ms) 
23:26:03   ├─ /en/about/index.html (+5ms) 
23:26:03   ├─ /en/books/cuando-la-tostadora-te-responde/index.html (+3ms) 
23:26:03   ├─ /en/contact/index.html (+3ms) 
23:26:03   ├─ /en/ideas/index.html (+4ms) 
23:26:03   ├─ /en/jobs/index.html (+3ms) 
23:26:03   ├─ /en/projects/index.html (+3ms) 
23:26:03   ├─ /en/index.html (+3ms) 
23:26:03   ├─ /es/about/index.html (+23ms) 
23:26:03   ├─ /es/contact/index.html (+21ms) 
23:26:03   ├─ /es/ideas/index.html (+30ms) 
23:26:03   ├─ /es/jobs/index.html (+27ms) 
23:26:03   ├─ /es/projects/index.html (+27ms) 
23:26:03   ├─ /nah/about/index.html (+2ms) 
23:26:03   ├─ /nah/books/cuando-la-tostadora-te-responde/index.html (+1ms) 
23:26:03   ├─ /nah/contact/index.html (+2ms) 
23:26:03   ├─ /nah/ideas/index.html (+2ms) 
23:26:03   ├─ /nah/jobs/index.html (+3ms) 
23:26:03   ├─ /nah/projects/index.html (+2ms) 
23:26:03   ├─ /nah/index.html (+2ms) 
23:26:03   ├─ /rss.xml (+41ms) 
23:26:04   ├─ /es/obra/aritmetica-con-numeros-indeterminados/index.json (+35ms) 
23:26:04   ├─ /es/obra/aritmetica-con-numeros-indeterminados/index.md (+27ms) 
23:26:04   ├─ /es/obra/la-chica-nueva/index.json (+23ms) 
23:26:04   ├─ /es/obra/la-chica-nueva/index.md (+31ms) 
23:26:04   ├─ /es/obra/presentacion/index.json (+30ms) 
23:26:04   ├─ /es/obra/presentacion/index.md (+27ms) 
23:26:04   ├─ /es/obra/silencio-oscuridad-y-muerte/index.json (+24ms) 
23:26:04   ├─ /es/obra/silencio-oscuridad-y-muerte/index.md (+29ms) 
23:26:04   ├─ /es/obra/amnesia/index.json (+28ms) 
23:26:04   ├─ /es/obra/amnesia/index.md (+27ms) 
23:26:04   ├─ /es/obra/mama/index.json (+30ms) 
23:26:04   ├─ /es/obra/mama/index.md (+22ms) 
23:26:04   ├─ /es/obra/la-niebla-de-san-jacinto/index.json (+24ms) 
23:26:04   ├─ /es/obra/la-niebla-de-san-jacinto/index.md (+20ms) 
23:26:04   ├─ /es/obra/por-un-poco-de-kaja-mita/index.json (+22ms) 
23:26:04   ├─ /es/obra/por-un-poco-de-kaja-mita/index.md (+26ms) 
23:26:04   ├─ /es/obra/barriada/index.json (+25ms) 
23:26:04   ├─ /es/obra/barriada/index.md (+35ms) 
23:26:04   ├─ /es/obra/gotas-de-lluvia/index.json (+35ms) 
23:26:04   ├─ /es/obra/gotas-de-lluvia/index.md (+39ms) 
23:26:04   ├─ /es/obra/presentando/index.json (+29ms) 
23:26:04   ├─ /es/obra/presentando/index.md (+23ms) 
23:26:04   ├─ /es/obra/rosa/index.json (+23ms) 
23:26:04   ├─ /es/obra/rosa/index.md (+32ms) 
23:26:04   ├─ /es/obra/el-hada/index.json (+31ms) 
23:26:04   ├─ /es/obra/el-hada/index.md (+27ms) 
23:26:04   ├─ /es/obra/cuanto-hace-ya/index.json (+35ms) 
23:26:04   ├─ /es/obra/cuanto-hace-ya/index.md (+29ms) 
23:26:04   ├─ /es/obra/hojas-secas/index.json (+27ms) 
23:26:04   ├─ /es/obra/hojas-secas/index.md (+27ms) 
23:26:04   ├─ /es/obra/hacia-el-mar/index.json (+23ms) 
23:26:04   ├─ /es/obra/hacia-el-mar/index.md (+25ms) 
23:26:04   ├─ /es/obra/mirame/index.json (+23ms) 
23:26:04   ├─ /es/obra/mirame/index.md (+19ms) 
23:26:04   ├─ /es/obra/la-flama/index.json (+20ms) 
23:26:04   ├─ /es/obra/la-flama/index.md (+21ms) 
23:26:05   ├─ /es/obra/la-reina-del-mar/index.json (+21ms) 
23:26:05   ├─ /es/obra/la-reina-del-mar/index.md (+20ms) 
23:26:05   ├─ /es/obra/que-facil-es-decir-te-amo/index.json (+23ms) 
23:26:05   ├─ /es/obra/que-facil-es-decir-te-amo/index.md (+23ms) 
23:26:05   ├─ /es/obra/princesa/index.json (+21ms) 
23:26:05   ├─ /es/obra/princesa/index.md (+43ms) 
23:26:05   ├─ /es/obra/mi-querido-arbol/index.json (+31ms) 
23:26:05   ├─ /es/obra/mi-querido-arbol/index.md (+37ms) 
23:26:05   ├─ /es/obra/el-reencuentro/index.json (+30ms) 
23:26:05   ├─ /es/obra/el-reencuentro/index.md (+47ms) 
23:26:05   ├─ /es/obra/estrellas-errantes/index.json (+35ms) 
23:26:05   ├─ /es/obra/estrellas-errantes/index.md (+25ms) 
23:26:05   ├─ /es/obra/historias-olvidadas/index.json (+34ms) 
23:26:05   ├─ /es/obra/historias-olvidadas/index.md (+45ms) 
23:26:05   ├─ /es/obra/la-huida/index.json (+21ms) 
23:26:05   ├─ /es/obra/la-huida/index.md (+28ms) 
23:26:05   ├─ /es/obra/princesa-sin-reino/index.json (+30ms) 
23:26:05   ├─ /es/obra/princesa-sin-reino/index.md (+24ms) 
23:26:05   ├─ /es/obra/texto-11-de-junio/index.json (+20ms) 
23:26:05   ├─ /es/obra/texto-11-de-junio/index.md (+24ms) 
23:26:05   ├─ /es/obra/hada/index.json (+23ms) 
23:26:05   ├─ /es/obra/hada/index.md (+24ms) 
23:26:05   ├─ /es/obra/de-noche-en-la-ciudad/index.json (+24ms) 
23:26:05   ├─ /es/obra/de-noche-en-la-ciudad/index.md (+22ms) 
23:26:05   ├─ /es/obra/labios/index.json (+29ms) 
23:26:05   ├─ /es/obra/labios/index.md (+27ms) 
23:26:05   ├─ /es/obra/la-luciernaga/index.json (+27ms) 
23:26:05   ├─ /es/obra/la-luciernaga/index.md (+28ms) 
23:26:05   ├─ /es/obra/pandora/index.json (+35ms) 
23:26:05   ├─ /es/obra/pandora/index.md (+31ms) 
23:26:05   ├─ /es/obra/sobre-la-montana-plateada/index.json (+24ms) 
23:26:05   ├─ /es/obra/sobre-la-montana-plateada/index.md (+32ms) 
23:26:05   ├─ /es/obra/los-dos-concientes/index.json (+22ms) 
23:26:05   ├─ /es/obra/los-dos-concientes/index.md (+21ms) 
23:26:05   ├─ /es/obra/la-locura-de-quijote/index.json (+24ms) 
23:26:05   ├─ /es/obra/la-locura-de-quijote/index.md (+21ms) 
23:26:06   ├─ /es/obra/carta-de-un-padre-a-su-hijo-en-dia-de-reyes/index.json (+18ms) 
23:26:06   ├─ /es/obra/carta-de-un-padre-a-su-hijo-en-dia-de-reyes/index.md (+17ms) 
23:26:06   ├─ /es/obra/existio-una-vez/index.json (+17ms) 
23:26:06   ├─ /es/obra/existio-una-vez/index.md (+18ms) 
23:26:06   ├─ /es/obra/pirateria-y-oportunidad/index.json (+19ms) 
23:26:06   ├─ /es/obra/pirateria-y-oportunidad/index.md (+22ms) 
23:26:06   ├─ /es/obra/dolor/index.json (+32ms) 
23:26:06   ├─ /es/obra/dolor/index.md (+29ms) 
23:26:06   ├─ /es/obra/locura-hermosa-locura/index.json (+34ms) 
23:26:06   ├─ /es/obra/locura-hermosa-locura/index.md (+32ms) 
23:26:06   ├─ /es/obra/memoria-alguien-ha-visto-mi-memoria/index.json (+23ms) 
23:26:06   ├─ /es/obra/memoria-alguien-ha-visto-mi-memoria/index.md (+28ms) 
23:26:06   ├─ /es/obra/cyborg/index.json (+25ms) 
23:26:06   ├─ /es/obra/cyborg/index.md (+33ms) 
23:26:06   ├─ /es/obra/bullyng/index.json (+23ms) 
23:26:06   ├─ /es/obra/bullyng/index.md (+23ms) 
23:26:06   ├─ /es/obra/descubrimiento/index.json (+27ms) 
23:26:06   ├─ /es/obra/descubrimiento/index.md (+22ms) 
23:26:06   ├─ /es/obra/el-estupor-mexicano/index.json (+25ms) 
23:26:06   ├─ /es/obra/el-estupor-mexicano/index.md (+19ms) 
23:26:06   ├─ /es/obra/howto-novia/index.json (+21ms) 
23:26:06   ├─ /es/obra/howto-novia/index.md (+24ms) 
23:26:06   ├─ /es/obra/guia-1/index.json (+25ms) 
23:26:06   ├─ /es/obra/guia-1/index.md (+23ms) 
23:26:06   ├─ /es/obra/paquetes-y-dependencias-en-gnu-linux/index.json (+25ms) 
23:26:06   ├─ /es/obra/paquetes-y-dependencias-en-gnu-linux/index.md (+28ms) 
23:26:06   ├─ /es/obra/usuarios-y-permisos-en-gnu-linux/index.json (+27ms) 
23:26:06   ├─ /es/obra/usuarios-y-permisos-en-gnu-linux/index.md (+22ms) 
23:26:06   ├─ /es/obra/el-jardin/index.json (+22ms) 
23:26:06   ├─ /es/obra/el-jardin/index.md (+28ms) 
23:26:06   ├─ /es/obra/manga/index.json (+37ms) 
23:26:06   ├─ /es/obra/manga/index.md (+26ms) 
23:26:06   ├─ /es/obra/te-amo/index.json (+29ms) 
23:26:06   ├─ /es/obra/te-amo/index.md (+20ms) 
23:26:06   ├─ /es/obra/la-bestia-de-metal/index.json (+26ms) 
23:26:06   ├─ /es/obra/la-bestia-de-metal/index.md (+22ms) 
23:26:06   ├─ /es/obra/noche-de-brujas-en-diabuluz/index.json (+29ms) 
23:26:06   ├─ /es/obra/noche-de-brujas-en-diabuluz/index.md (+20ms) 
23:26:06   ├─ /es/obra/decodificando-entidades-html-en-android/index.json (+21ms) 
23:26:06   ├─ /es/obra/decodificando-entidades-html-en-android/index.md (+27ms) 
23:26:07   ├─ /es/obra/google-chrome-crash-solved/index.json (+29ms) 
23:26:07   ├─ /es/obra/google-chrome-crash-solved/index.md (+22ms) 
23:26:07   ├─ /es/obra/promesas/index.json (+21ms) 
23:26:07   ├─ /es/obra/promesas/index.md (+27ms) 
23:26:07   ├─ /es/obra/paulo-coelho/index.json (+30ms) 
23:26:07   ├─ /es/obra/paulo-coelho/index.md (+23ms) 
23:26:07   ├─ /es/obra/una-historia-imaginaria/index.json (+20ms) 
23:26:07   ├─ /es/obra/una-historia-imaginaria/index.md (+31ms) 
23:26:07   ├─ /es/obra/crisalida/index.json (+31ms) 
23:26:07   ├─ /es/obra/crisalida/index.md (+34ms) 
23:26:07   ├─ /es/obra/justicia-ilegal/index.json (+24ms) 
23:26:07   ├─ /es/obra/justicia-ilegal/index.md (+21ms) 
23:26:07   ├─ /es/obra/a-que-tienes-derecho/index.json (+19ms) 
23:26:07   ├─ /es/obra/a-que-tienes-derecho/index.md (+23ms) 
23:26:07   ├─ /es/obra/los-de-abajo/index.json (+27ms) 
23:26:07   ├─ /es/obra/los-de-abajo/index.md (+21ms) 
23:26:07   ├─ /es/obra/esqueletos/index.json (+27ms) 
23:26:07   ├─ /es/obra/esqueletos/index.md (+33ms) 
23:26:07   ├─ /es/obra/corazon-dormido/index.json (+22ms) 
23:26:07   ├─ /es/obra/corazon-dormido/index.md (+31ms) 
23:26:07   ├─ /es/obra/retrospectiva/index.json (+44ms) 
23:26:07   ├─ /es/obra/retrospectiva/index.md (+24ms) 
23:26:07   ├─ /es/obra/economia-casera/index.json (+27ms) 
23:26:07   ├─ /es/obra/economia-casera/index.md (+23ms) 
23:26:07   ├─ /es/obra/dolor-paynalton-m086/index.json (+19ms) 
23:26:07   ├─ /es/obra/dolor-paynalton-m086/index.md (+20ms) 
23:26:07   ├─ /es/obra/la-generacion-de-intereses-devalua-las-monedas-porque-porque-lo-digo-yo/index.json (+30ms) 
23:26:07   ├─ /es/obra/la-generacion-de-intereses-devalua-las-monedas-porque-porque-lo-digo-yo/index.md (+30ms) 
23:26:07   ├─ /es/obra/caja-se-siembra/index.json (+24ms) 
23:26:07   ├─ /es/obra/caja-se-siembra/index.md (+25ms) 
23:26:07   ├─ /es/obra/control-de-inflacion/index.json (+25ms) 
23:26:07   ├─ /es/obra/control-de-inflacion/index.md (+29ms) 
23:26:07   ├─ /es/obra/viaje-solitario/index.json (+22ms) 
23:26:07   ├─ /es/obra/viaje-solitario/index.md (+29ms) 
23:26:07   ├─ /es/obra/el-cuarto-poder/index.json (+30ms) 
23:26:07   ├─ /es/obra/el-cuarto-poder/index.md (+22ms) 
23:26:07   ├─ /es/obra/dama-de-suenos/index.json (+29ms) 
23:26:07   ├─ /es/obra/dama-de-suenos/index.md (+33ms) 
23:26:08   ├─ /es/obra/control-de-armas/index.json (+27ms) 
23:26:08   ├─ /es/obra/control-de-armas/index.md (+28ms) 
23:26:08   ├─ /es/obra/volver-a-casa/index.json (+38ms) 
23:26:08   ├─ /es/obra/volver-a-casa/index.md (+30ms) 
23:26:08   ├─ /es/obra/humildad/index.json (+27ms) 
23:26:08   ├─ /es/obra/humildad/index.md (+22ms) 
23:26:08   ├─ /es/obra/la-innovacion-cristiana/index.json (+25ms) 
23:26:08   ├─ /es/obra/la-innovacion-cristiana/index.md (+32ms) 
23:26:08   ├─ /es/obra/partida/index.json (+28ms) 
23:26:08   ├─ /es/obra/partida/index.md (+41ms) 
23:26:08   ├─ /es/obra/los-juegos-del-salario/index.json (+30ms) 
23:26:08   ├─ /es/obra/los-juegos-del-salario/index.md (+26ms) 
23:26:08   ├─ /es/obra/perdidos/index.json (+20ms) 
23:26:08   ├─ /es/obra/perdidos/index.md (+20ms) 
23:26:08   ├─ /es/obra/mmorpg-opensource/index.json (+21ms) 
23:26:08   ├─ /es/obra/mmorpg-opensource/index.md (+24ms) 
23:26:08   ├─ /es/obra/el-traje-nuevo-del-millenial/index.json (+24ms) 
23:26:08   ├─ /es/obra/el-traje-nuevo-del-millenial/index.md (+24ms) 
23:26:08   ├─ /es/obra/el-origen-del-mal/index.json (+31ms) 
23:26:08   ├─ /es/obra/el-origen-del-mal/index.md (+28ms) 
23:26:08   ├─ /es/obra/trabajo-colaborativo-vs-jerarquico/index.json (+29ms) 
23:26:08   ├─ /es/obra/trabajo-colaborativo-vs-jerarquico/index.md (+28ms) 
23:26:08   ├─ /es/obra/la-carta/index.json (+29ms) 
23:26:08   ├─ /es/obra/la-carta/index.md (+32ms) 
23:26:08   ├─ /es/obra/el-poder-magisterial/index.json (+43ms) 
23:26:08   ├─ /es/obra/el-poder-magisterial/index.md (+63ms) 
23:26:08   ├─ /es/obra/despertar/index.json (+28ms) 
23:26:08   ├─ /es/obra/despertar/index.md (+24ms) 
23:26:08   ├─ /es/obra/capitalismo-vs-dinerismo/index.json (+69ms) 
23:26:08   ├─ /es/obra/capitalismo-vs-dinerismo/index.md (+42ms) 
23:26:08   ├─ /es/obra/el-dios-en-que-yo-creo/index.json (+21ms) 
23:26:08   ├─ /es/obra/el-dios-en-que-yo-creo/index.md (+25ms) 
23:26:08   ├─ /es/obra/decision/index.json (+23ms) 
23:26:09   ├─ /es/obra/decision/index.md (+31ms) 
23:26:09   ├─ /es/obra/evangelio-del-gato-negro/index.json (+30ms) 
23:26:09   ├─ /es/obra/evangelio-del-gato-negro/index.md (+30ms) 
23:26:09   ├─ /es/obra/improvisado/index.json (+56ms) 
23:26:09   ├─ /es/obra/improvisado/index.md (+33ms) 
23:26:09   ├─ /es/obra/susurros-en-la-oscuridad/index.json (+22ms) 
23:26:09   ├─ /es/obra/susurros-en-la-oscuridad/index.md (+26ms) 
23:26:09   ├─ /es/obra/enfermera/index.json (+23ms) 
23:26:09   ├─ /es/obra/enfermera/index.md (+24ms) 
23:26:09   ├─ /es/obra/especialista-en-latam/index.json (+30ms) 
23:26:09   ├─ /es/obra/especialista-en-latam/index.md (+39ms) 
23:26:09   ├─ /es/obra/la-partera/index.json (+27ms) 
23:26:09   ├─ /es/obra/la-partera/index.md (+45ms) 
23:26:09   ├─ /es/obra/se-estan-comiendo-que/index.json (+29ms) 
23:26:09   ├─ /es/obra/se-estan-comiendo-que/index.md (+22ms) 
23:26:09   ├─ /es/obra/debate-para-incidente-io-8c9beaf3b0-e/index.json (+33ms) 
23:26:09   ├─ /es/obra/debate-para-incidente-io-8c9beaf3b0-e/index.md (+26ms) 
23:26:09   ├─ /es/obra/barbacoa-de-uma-estilo-culiacan/index.json (+24ms) 
23:26:09   ├─ /es/obra/barbacoa-de-uma-estilo-culiacan/index.md (+22ms) 
23:26:09   ├─ /es/obra/mi-primera-chamba-galactica/index.json (+21ms) 
23:26:09   ├─ /es/obra/mi-primera-chamba-galactica/index.md (+24ms) 
23:26:09   ├─ /es/obra/porque-los-brancianos-le-temen-a-las-pinatas/index.json (+28ms) 
23:26:09   ├─ /es/obra/porque-los-brancianos-le-temen-a-las-pinatas/index.md (+20ms) 
23:26:09   ├─ /es/obra/mariachis-de-bolsillo/index.json (+27ms) 
23:26:09   ├─ /es/obra/mariachis-de-bolsillo/index.md (+28ms) 
23:26:09   ├─ /es/obra/sayula-iii/index.json (+31ms) 
23:26:09   ├─ /es/obra/sayula-iii/index.md (+36ms) 
23:26:09   ├─ /es/obra/horda-latam/index.json (+22ms) 
23:26:09   ├─ /es/obra/horda-latam/index.md (+23ms) 
23:26:09   ├─ /es/obra/extraviado/index.json (+27ms) 
23:26:09   ├─ /es/obra/extraviado/index.md (+33ms) 
23:26:09   ├─ /es/obra/legado/index.json (+24ms) 
23:26:09   ├─ /es/obra/legado/index.md (+22ms) 
23:26:09   ├─ /es/obra/ellos-marcaban-sus-cuerpos/index.json (+25ms) 
23:26:09   ├─ /es/obra/ellos-marcaban-sus-cuerpos/index.md (+22ms) 
23:26:09   ├─ /es/obra/se-solicita-ingeniero-ftl-humano/index.json (+27ms) 
23:26:10   ├─ /es/obra/se-solicita-ingeniero-ftl-humano/index.md (+42ms) 
23:26:10   ├─ /es/proyectos/pipila/index.json (+26ms) 
23:26:10   ├─ /es/proyectos/pipila/index.md (+28ms) 
23:26:10   ├─ /es/proyectos/onix/index.json (+27ms) 
23:26:10   ├─ /es/proyectos/onix/index.md (+27ms) 
23:26:10   ├─ /es/proyectos/guacamaya/index.json (+20ms) 
23:26:10   ├─ /es/proyectos/guacamaya/index.md (+27ms) 
23:26:10   ├─ /es/proyectos/winner/index.json (+21ms) 
23:26:10   ├─ /es/proyectos/winner/index.md (+22ms) 
23:26:10   ├─ /es/proyectos/yayauhqui/index.json (+37ms) 
23:26:10   ├─ /es/proyectos/yayauhqui/index.md (+25ms) 
23:26:10   ├─ /es/proyectos/spellchecker/index.json (+26ms) 
23:26:10   ├─ /es/proyectos/spellchecker/index.md (+34ms) 
23:26:10   ├─ /es/proyectos/loro/index.json (+23ms) 
23:26:10   ├─ /es/proyectos/loro/index.md (+28ms) 
23:26:10   ├─ /es/proyectos/perico/index.json (+24ms) 
23:26:10   ├─ /es/proyectos/perico/index.md (+19ms) 
23:26:10   ├─ /es/proyectos/delta/index.json (+21ms) 
23:26:10   ├─ /es/proyectos/delta/index.md (+21ms) 
23:26:10   ├─ /es/proyectos/delta-commerce/index.json (+24ms) 
23:26:10   ├─ /es/proyectos/delta-commerce/index.md (+30ms) 
23:26:10   ├─ /es/proyectos/k4y/index.json (+25ms) 
23:26:10   ├─ /es/proyectos/k4y/index.md (+23ms) 
23:26:10   ├─ /es/proyectos/holstein/index.json (+37ms) 
23:26:10   ├─ /es/proyectos/holstein/index.md (+27ms) 
23:26:10   ├─ /es/index.html (+74ms) 
23:26:10   ├─ /es/proyectos/index.html (+50ms) 
23:26:10   ├─ /es/trayectoria/index.html (+73ms) 
23:26:10   ├─ /es/obra/index.html (+75ms) 
23:26:10   ├─ /es/sobre-mi/index.html (+70ms) 
23:26:11   ├─ /es/contacto/index.html (+46ms) 
23:26:11   ├─ /es/explorar/index.html (+63ms) 
23:26:11   ├─ /es/temas/index.html (+52ms) 
23:26:11   ├─ /es/proyectos/pipila/index.html (+71ms) 
23:26:11   ├─ /es/temas/integracion-de-sistemas/index.html (+55ms) 
23:26:11   ├─ /es/proyectos/onix/index.html (+46ms) 
23:26:11   ├─ /es/proyectos/guacamaya/index.html (+64ms) 
23:26:11   ├─ /es/proyectos/winner/index.html (+64ms) 
23:26:11   ├─ /es/proyectos/yayauhqui/index.html (+61ms) 
23:26:11   ├─ /es/proyectos/spellchecker/index.html (+53ms) 
23:26:11   ├─ /es/proyectos/loro/index.html (+52ms) 
23:26:11   ├─ /es/proyectos/perico/index.html (+55ms) 
23:26:11   ├─ /es/proyectos/delta/index.html (+63ms) 
23:26:11   ├─ /es/proyectos/delta-commerce/index.html (+56ms) 
23:26:11   ├─ /es/proyectos/k4y/index.html (+52ms) 
23:26:11   ├─ /es/proyectos/holstein/index.html (+58ms) 
23:26:11   ├─ /es/temas/arquitectura-de-soluciones/index.html (+50ms) 
23:26:11   ├─ /es/temas/desarrollo-fullstack/index.html (+60ms) 
23:26:12   ├─ /es/temas/operacion-y-modernizacion/index.html (+66ms) 
23:26:12   ├─ /es/temas/trabajo-con-inteligencia-artificial/index.html (+51ms) 
23:26:12   ├─ /es/temas/liderazgo-de-equipos/index.html (+52ms) 
23:26:12   ├─ /es/books/cuando-la-tostadora-te-responde/index.html (+53ms) 
23:26:12   ├─ /es/temas/resolucion-de-problemas/index.html (+48ms) 
23:26:12   ├─ /es/temas/memoria-y-contexto-de-agentes/index.html (+48ms) 
23:26:12   ├─ /es/temas/creacion-editorial/index.html (+50ms) 
23:26:12   ├─ /es/temas/inteligencia-y-humanidad/index.html (+50ms) 
23:26:12   ├─ /es/temas/lectura-categoria-academicos/index.html (+48ms) 
23:26:12   ├─ /es/temas/lectura-texto-teorico/index.html (+62ms) 
23:26:12   ├─ /es/temas/lectura-matematicas/index.html (+60ms) 
23:26:12   ├─ /es/temas/lectura-indeterminacion/index.html (+50ms) 
23:26:12   ├─ /es/temas/lectura-conocimiento/index.html (+48ms) 
23:26:12   ├─ /es/obra/aritmetica-con-numeros-indeterminados/index.html (+53ms) 
23:26:12   ├─ /es/temas/lectura-categoria-cuentos/index.html (+55ms) 
23:26:12   ├─ /es/temas/lectura-cuento/index.html (+55ms) 
23:26:12   ├─ /es/temas/lectura-terror/index.html (+45ms) 
23:26:12   ├─ /es/temas/lectura-ciudad/index.html (+79ms) 
23:26:13   ├─ /es/temas/lectura-muerte/index.html (+65ms) 
23:26:13   ├─ /es/obra/la-chica-nueva/index.html (+51ms) 
23:26:13   ├─ /es/temas/lectura-categoria-editoriales/index.html (+53ms) 
23:26:13   ├─ /es/temas/lectura-presentacion-editorial/index.html (+67ms) 
23:26:13   ├─ /es/temas/lectura-presentacion/index.html (+64ms) 
23:26:13   ├─ /es/obra/presentacion/index.html (+67ms) 
23:26:13   ├─ /es/temas/lectura-crisis-economica/index.html (+55ms) 
23:26:13   ├─ /es/temas/lectura-pareja/index.html (+54ms) 
23:26:13   ├─ /es/obra/silencio-oscuridad-y-muerte/index.html (+54ms) 
23:26:13   ├─ /es/temas/lectura-memoria/index.html (+65ms) 
23:26:13   ├─ /es/temas/lectura-identidad/index.html (+54ms) 
23:26:13   ├─ /es/obra/amnesia/index.html (+51ms) 
23:26:13   ├─ /es/temas/lectura-drama-social/index.html (+49ms) 
23:26:13   ├─ /es/temas/lectura-infancia/index.html (+53ms) 
23:26:13   ├─ /es/temas/lectura-familia/index.html (+52ms) 
23:26:13   ├─ /es/temas/lectura-violencia/index.html (+50ms) 
23:26:13   ├─ /es/obra/mama/index.html (+65ms) 
23:26:13   ├─ /es/temas/lectura-sobrenatural/index.html (+53ms) 
23:26:14   ├─ /es/temas/lectura-memoria-historica/index.html (+47ms) 
23:26:14   ├─ /es/obra/la-niebla-de-san-jacinto/index.html (+61ms) 
23:26:14   ├─ /es/temas/lectura-fantasia/index.html (+48ms) 
23:26:14   ├─ /es/temas/lectura-fanfiction/index.html (+50ms) 
23:26:14   ├─ /es/temas/lectura-aventura/index.html (+48ms) 
23:26:14   ├─ /es/temas/lectura-ingenio/index.html (+54ms) 
23:26:14   ├─ /es/obra/por-un-poco-de-kaja-mita/index.html (+51ms) 
23:26:14   ├─ /es/temas/lectura-supervivencia/index.html (+46ms) 
23:26:14   ├─ /es/obra/barriada/index.html (+46ms) 
23:26:14   ├─ /es/temas/lectura-categoria-poesia/index.html (+63ms) 
23:26:14   ├─ /es/temas/lectura-poesia/index.html (+53ms) 
23:26:14   ├─ /es/temas/lectura-prosa-poetica/index.html (+56ms) 
23:26:14   ├─ /es/temas/lectura-amor/index.html (+51ms) 
23:26:14   ├─ /es/temas/lectura-desamor/index.html (+55ms) 
23:26:14   ├─ /es/temas/lectura-lluvia/index.html (+50ms) 
23:26:14   ├─ /es/obra/gotas-de-lluvia/index.html (+52ms) 
23:26:14   ├─ /es/obra/presentando/index.html (+54ms) 
23:26:14   ├─ /es/temas/lectura-microrrelato/index.html (+46ms) 
23:26:14   ├─ /es/obra/rosa/index.html (+58ms) 
23:26:15   ├─ /es/temas/lectura-duelo/index.html (+68ms) 
23:26:15   ├─ /es/temas/lectura-esperanza/index.html (+50ms) 
23:26:15   ├─ /es/temas/lectura-amistad/index.html (+56ms) 
23:26:15   ├─ /es/obra/el-hada/index.html (+50ms) 
23:26:15   ├─ /es/temas/lectura-poema/index.html (+54ms) 
23:26:15   ├─ /es/temas/lectura-ausencia/index.html (+47ms) 
23:26:15   ├─ /es/obra/cuanto-hace-ya/index.html (+48ms) 
23:26:15   ├─ /es/temas/lectura-soledad/index.html (+54ms) 
23:26:15   ├─ /es/temas/lectura-naturaleza/index.html (+50ms) 
23:26:15   ├─ /es/obra/hojas-secas/index.html (+79ms) 
23:26:15   ├─ /es/temas/lectura-viaje/index.html (+57ms) 
23:26:15   ├─ /es/obra/hacia-el-mar/index.html (+49ms) 
23:26:15   ├─ /es/temas/lectura-intimidad/index.html (+46ms) 
23:26:15   ├─ /es/obra/mirame/index.html (+52ms) 
23:26:15   ├─ /es/obra/la-flama/index.html (+59ms) 
23:26:15   ├─ /es/temas/lectura-mar/index.html (+53ms) 
23:26:15   ├─ /es/obra/la-reina-del-mar/index.html (+50ms) 
23:26:15   ├─ /es/temas/lectura-recuperacion-emocional/index.html (+54ms) 
23:26:16   ├─ /es/obra/que-facil-es-decir-te-amo/index.html (+64ms) 
23:26:16   ├─ /es/temas/lectura-suenos/index.html (+51ms) 
23:26:16   ├─ /es/obra/princesa/index.html (+49ms) 
23:26:16   ├─ /es/temas/lectura-perdida/index.html (+51ms) 
23:26:16   ├─ /es/obra/mi-querido-arbol/index.html (+49ms) 
23:26:16   ├─ /es/temas/lectura-intolerancia/index.html (+53ms) 
23:26:16   ├─ /es/obra/el-reencuentro/index.html (+57ms) 
23:26:16   ├─ /es/temas/lectura-trabajo/index.html (+54ms) 
23:26:16   ├─ /es/obra/estrellas-errantes/index.html (+50ms) 
23:26:16   ├─ /es/obra/historias-olvidadas/index.html (+51ms) 
23:26:16   ├─ /es/temas/lectura-magia/index.html (+53ms) 
23:26:16   ├─ /es/obra/la-huida/index.html (+75ms) 
23:26:16   ├─ /es/temas/lectura-libertad/index.html (+50ms) 
23:26:16   ├─ /es/obra/princesa-sin-reino/index.html (+53ms) 
23:26:16   ├─ /es/obra/texto-11-de-junio/index.html (+63ms) 
23:26:16   ├─ /es/obra/hada/index.html (+55ms) 
23:26:16   ├─ /es/temas/lectura-noche/index.html (+50ms) 
23:26:16   ├─ /es/obra/de-noche-en-la-ciudad/index.html (+56ms) 
23:26:16   ├─ /es/temas/lectura-deseo/index.html (+73ms) 
23:26:17   ├─ /es/obra/labios/index.html (+54ms) 
23:26:17   ├─ /es/temas/lectura-fabula/index.html (+73ms) 
23:26:17   ├─ /es/obra/la-luciernaga/index.html (+56ms) 
23:26:17   ├─ /es/temas/lectura-categoria-reflexiones-filosoficas/index.html (+50ms) 
23:26:17   ├─ /es/temas/lectura-reflexion-filosofica/index.html (+48ms) 
23:26:17   ├─ /es/temas/lectura-filosofia-de-la-vida/index.html (+48ms) 
23:26:17   ├─ /es/temas/lectura-ecologia/index.html (+53ms) 
23:26:17   ├─ /es/temas/lectura-tecnologia/index.html (+48ms) 
23:26:17   ├─ /es/temas/lectura-humanidad/index.html (+49ms) 
23:26:17   ├─ /es/obra/pandora/index.html (+66ms) 
23:26:17   ├─ /es/temas/lectura-identidad-digital/index.html (+56ms) 
23:26:17   ├─ /es/obra/sobre-la-montana-plateada/index.html (+70ms) 
23:26:17   ├─ /es/temas/lectura-filosofia-de-la-mente/index.html (+63ms) 
23:26:17   ├─ /es/temas/lectura-conciencia/index.html (+54ms) 
23:26:17   ├─ /es/temas/lectura-lenguaje/index.html (+67ms) 
23:26:17   ├─ /es/obra/los-dos-concientes/index.html (+96ms) 
23:26:18   ├─ /es/temas/lectura-categoria-personales/index.html (+53ms) 
23:26:18   ├─ /es/temas/lectura-texto-personal/index.html (+50ms) 
23:26:18   ├─ /es/temas/lectura-cronica-personal/index.html (+60ms) 
23:26:18   ├─ /es/temas/lectura-literatura/index.html (+45ms) 
23:26:18   ├─ /es/obra/la-locura-de-quijote/index.html (+48ms) 
23:26:18   ├─ /es/temas/lectura-etica/index.html (+52ms) 
23:26:18   ├─ /es/obra/carta-de-un-padre-a-su-hijo-en-dia-de-reyes/index.html (+56ms) 
23:26:18   ├─ /es/temas/lectura-cuento-filosofico/index.html (+57ms) 
23:26:18   ├─ /es/temas/lectura-alegoria/index.html (+61ms) 
23:26:18   ├─ /es/temas/lectura-religion/index.html (+50ms) 
23:26:18   ├─ /es/obra/existio-una-vez/index.html (+54ms) 
23:26:18   ├─ /es/temas/lectura-categoria-criticas/index.html (+57ms) 
23:26:18   ├─ /es/temas/lectura-critica/index.html (+51ms) 
23:26:18   ├─ /es/temas/lectura-critica-cultural/index.html (+55ms) 
23:26:18   ├─ /es/temas/lectura-economia/index.html (+54ms) 
23:26:18   ├─ /es/temas/lectura-musica/index.html (+55ms) 
23:26:18   ├─ /es/temas/lectura-propiedad-intelectual/index.html (+60ms) 
23:26:18   ├─ /es/obra/pirateria-y-oportunidad/index.html (+60ms) 
23:26:18   ├─ /es/temas/lectura-reflexion-personal/index.html (+69ms) 
23:26:19   ├─ /es/obra/dolor/index.html (+56ms) 
23:26:19   ├─ /es/temas/lectura-filosofia-existencial/index.html (+79ms) 
23:26:19   ├─ /es/temas/lectura-normas-sociales/index.html (+48ms) 
23:26:19   ├─ /es/obra/locura-hermosa-locura/index.html (+57ms) 
23:26:19   ├─ /es/temas/lectura-percepcion/index.html (+57ms) 
23:26:19   ├─ /es/obra/memoria-alguien-ha-visto-mi-memoria/index.html (+46ms) 
23:26:19   ├─ /es/temas/lectura-filosofia-de-la-tecnologia/index.html (+45ms) 
23:26:19   ├─ /es/obra/cyborg/index.html (+49ms) 
23:26:19   ├─ /es/temas/lectura-critica-social/index.html (+64ms) 
23:26:19   ├─ /es/temas/lectura-educacion/index.html (+57ms) 
23:26:19   ├─ /es/obra/bullyng/index.html (+52ms) 
23:26:19   ├─ /es/obra/descubrimiento/index.html (+48ms) 
23:26:19   ├─ /es/temas/lectura-mexico/index.html (+50ms) 
23:26:19   ├─ /es/temas/lectura-progreso/index.html (+84ms) 
23:26:19   ├─ /es/temas/lectura-imaginacion/index.html (+69ms) 
23:26:19   ├─ /es/obra/el-estupor-mexicano/index.html (+57ms) 
23:26:19   ├─ /es/temas/lectura-categoria-humor/index.html (+51ms) 
23:26:20   ├─ /es/temas/lectura-humor/index.html (+47ms) 
23:26:20   ├─ /es/temas/lectura-parodia/index.html (+44ms) 
23:26:20   ├─ /es/temas/lectura-relaciones-de-pareja/index.html (+43ms) 
23:26:20   ├─ /es/temas/lectura-informatica/index.html (+61ms) 
23:26:20   ├─ /es/obra/howto-novia/index.html (+51ms) 
23:26:20   ├─ /es/temas/lectura-categoria-tecnicos/index.html (+48ms) 
23:26:20   ├─ /es/temas/lectura-texto-tecnico/index.html (+52ms) 
23:26:20   ├─ /es/temas/lectura-divulgacion-tecnica/index.html (+57ms) 
23:26:20   ├─ /es/temas/lectura-gnu-linux/index.html (+64ms) 
23:26:20   ├─ /es/temas/lectura-software-libre/index.html (+61ms) 
23:26:20   ├─ /es/obra/guia-1/index.html (+56ms) 
23:26:20   ├─ /es/temas/lectura-tutorial/index.html (+87ms) 
23:26:20   ├─ /es/temas/lectura-administracion-de-sistemas/index.html (+55ms) 
23:26:20   ├─ /es/obra/paquetes-y-dependencias-en-gnu-linux/index.html (+49ms) 
23:26:20   ├─ /es/temas/lectura-seguridad-informatica/index.html (+49ms) 
23:26:20   ├─ /es/obra/usuarios-y-permisos-en-gnu-linux/index.html (+50ms) 
23:26:20   ├─ /es/temas/lectura-vejez/index.html (+57ms) 
23:26:20   ├─ /es/obra/el-jardin/index.html (+73ms) 
23:26:21   ├─ /es/temas/lectura-nota-personal/index.html (+47ms) 
23:26:21   ├─ /es/temas/lectura-arte-digital/index.html (+48ms) 
23:26:21   ├─ /es/obra/manga/index.html (+46ms) 
23:26:21   ├─ /es/temas/lectura-dedicatoria/index.html (+51ms) 
23:26:21   ├─ /es/obra/te-amo/index.html (+56ms) 
23:26:21   ├─ /es/temas/lectura-separacion/index.html (+50ms) 
23:26:21   ├─ /es/obra/la-bestia-de-metal/index.html (+58ms) 
23:26:21   ├─ /es/temas/lectura-programacion/index.html (+47ms) 
23:26:21   ├─ /es/temas/lectura-efectos-visuales/index.html (+76ms) 
23:26:21   ├─ /es/obra/noche-de-brujas-en-diabuluz/index.html (+55ms) 
23:26:21   ├─ /es/temas/lectura-nota-tecnica/index.html (+47ms) 
23:26:21   ├─ /es/temas/lectura-android/index.html (+71ms) 
23:26:21   ├─ /es/obra/decodificando-entidades-html-en-android/index.html (+53ms) 
23:26:21   ├─ /es/temas/lectura-diagnostico-tecnico/index.html (+70ms) 
23:26:21   ├─ /es/obra/google-chrome-crash-solved/index.html (+73ms) 
23:26:21   ├─ /es/temas/lectura-drama/index.html (+63ms) 
23:26:21   ├─ /es/temas/lectura-promesas/index.html (+47ms) 
23:26:21   ├─ /es/obra/promesas/index.html (+60ms) 
23:26:22   ├─ /es/temas/lectura-critica-literaria/index.html (+49ms) 
23:26:22   ├─ /es/obra/paulo-coelho/index.html (+55ms) 
23:26:22   ├─ /es/obra/una-historia-imaginaria/index.html (+53ms) 
23:26:22   ├─ /es/temas/lectura-transformacion-personal/index.html (+54ms) 
23:26:22   ├─ /es/obra/crisalida/index.html (+58ms) 
23:26:22   ├─ /es/temas/lectura-aforismo/index.html (+49ms) 
23:26:22   ├─ /es/temas/lectura-justicia/index.html (+57ms) 
23:26:22   ├─ /es/temas/lectura-politica/index.html (+47ms) 
23:26:22   ├─ /es/obra/justicia-ilegal/index.html (+50ms) 
23:26:22   ├─ /es/temas/lectura-vida/index.html (+56ms) 
23:26:22   ├─ /es/obra/a-que-tienes-derecho/index.html (+48ms) 
23:26:22   ├─ /es/temas/lectura-desigualdad/index.html (+64ms) 
23:26:22   ├─ /es/temas/lectura-exito/index.html (+69ms) 
23:26:22   ├─ /es/obra/los-de-abajo/index.html (+48ms) 
23:26:22   ├─ /es/temas/lectura-filosofia-social/index.html (+50ms) 
23:26:22   ├─ /es/temas/lectura-cambio/index.html (+48ms) 
23:26:22   ├─ /es/temas/lectura-ideas/index.html (+51ms) 
23:26:22   ├─ /es/obra/esqueletos/index.html (+57ms) 
23:26:23   ├─ /es/obra/corazon-dormido/index.html (+58ms) 
23:26:23   ├─ /es/temas/lectura-proposito/index.html (+42ms) 
23:26:23   ├─ /es/obra/retrospectiva/index.html (+75ms) 
23:26:23   ├─ /es/temas/lectura-opinion-economica/index.html (+51ms) 
23:26:23   ├─ /es/temas/lectura-autoconsumo/index.html (+48ms) 
23:26:23   ├─ /es/obra/economia-casera/index.html (+44ms) 
23:26:23   ├─ /es/temas/lectura-eternidad/index.html (+60ms) 
23:26:23   ├─ /es/obra/dolor-paynalton-m086/index.html (+61ms) 
23:26:23   ├─ /es/temas/lectura-dinero/index.html (+67ms) 
23:26:23   ├─ /es/temas/lectura-deuda/index.html (+47ms) 
23:26:23   ├─ /es/obra/la-generacion-de-intereses-devalua-las-monedas-porque-porque-lo-digo-yo/index.html (+52ms) 
23:26:23   ├─ /es/temas/lectura-propuesta-tecnica/index.html (+45ms) 
23:26:23   ├─ /es/temas/lectura-agricultura/index.html (+49ms) 
23:26:23   ├─ /es/temas/lectura-automatizacion/index.html (+57ms) 
23:26:23   ├─ /es/obra/caja-se-siembra/index.html (+53ms) 
23:26:23   ├─ /es/temas/lectura-credito/index.html (+50ms) 
23:26:23   ├─ /es/obra/control-de-inflacion/index.html (+53ms) 
23:26:23   ├─ /es/obra/viaje-solitario/index.html (+49ms) 
23:26:23   ├─ /es/temas/lectura-propuesta-politica/index.html (+62ms) 
23:26:24   ├─ /es/temas/lectura-democracia/index.html (+53ms) 
23:26:24   ├─ /es/temas/lectura-poder/index.html (+58ms) 
23:26:24   ├─ /es/obra/el-cuarto-poder/index.html (+61ms) 
23:26:24   ├─ /es/obra/dama-de-suenos/index.html (+67ms) 
23:26:24   ├─ /es/temas/lectura-critica-politica/index.html (+53ms) 
23:26:24   ├─ /es/temas/lectura-armas/index.html (+101ms) 
23:26:24   ├─ /es/obra/control-de-armas/index.html (+48ms) 
23:26:24   ├─ /es/temas/lectura-despedida/index.html (+47ms) 
23:26:24   ├─ /es/obra/volver-a-casa/index.html (+48ms) 
23:26:24   ├─ /es/temas/lectura-prejuicios/index.html (+46ms) 
23:26:24   ├─ /es/temas/lectura-empatia/index.html (+46ms) 
23:26:24   ├─ /es/obra/humildad/index.html (+47ms) 
23:26:24   ├─ /es/temas/lectura-filosofia-de-la-religion/index.html (+46ms) 
23:26:24   ├─ /es/obra/la-innovacion-cristiana/index.html (+45ms) 
23:26:24   ├─ /es/obra/partida/index.html (+44ms) 
23:26:24   ├─ /es/temas/lectura-opinion-profesional/index.html (+46ms) 
23:26:24   ├─ /es/temas/lectura-motivacion/index.html (+43ms) 
23:26:24   ├─ /es/obra/los-juegos-del-salario/index.html (+45ms) 
23:26:24   ├─ /es/obra/perdidos/index.html (+45ms) 
23:26:25   ├─ /es/temas/lectura-videojuegos/index.html (+47ms) 
23:26:25   ├─ /es/temas/lectura-interoperabilidad/index.html (+44ms) 
23:26:25   ├─ /es/obra/mmorpg-opensource/index.html (+44ms) 
23:26:25   ├─ /es/temas/lectura-algoritmos/index.html (+44ms) 
23:26:25   ├─ /es/temas/lectura-redes-sociales/index.html (+59ms) 
23:26:25   ├─ /es/obra/el-traje-nuevo-del-millenial/index.html (+50ms) 
23:26:25   ├─ /es/temas/lectura-pensiones/index.html (+44ms) 
23:26:25   ├─ /es/temas/lectura-dependencia/index.html (+44ms) 
23:26:25   ├─ /es/obra/el-origen-del-mal/index.html (+46ms) 
23:26:25   ├─ /es/temas/lectura-colaboracion/index.html (+57ms) 
23:26:25   ├─ /es/temas/lectura-jerarquia/index.html (+62ms) 
23:26:25   ├─ /es/obra/trabajo-colaborativo-vs-jerarquico/index.html (+47ms) 
23:26:25   ├─ /es/temas/lectura-ciencia-ficcion/index.html (+45ms) 
23:26:25   ├─ /es/temas/lectura-arqueologia/index.html (+46ms) 
23:26:25   ├─ /es/obra/la-carta/index.html (+59ms) 
23:26:25   ├─ /es/obra/el-poder-magisterial/index.html (+66ms) 
23:26:25   ├─ /es/obra/despertar/index.html (+46ms) 
23:26:25   ├─ /es/obra/capitalismo-vs-dinerismo/index.html (+46ms) 
23:26:25   ├─ /es/temas/lectura-existencia/index.html (+46ms) 
23:26:25   ├─ /es/obra/el-dios-en-que-yo-creo/index.html (+51ms) 
23:26:26   ├─ /es/temas/lectura-decisiones/index.html (+72ms) 
23:26:26   ├─ /es/obra/decision/index.html (+63ms) 
23:26:26   ├─ /es/temas/lectura-ficcion-filosofica/index.html (+57ms) 
23:26:26   ├─ /es/obra/evangelio-del-gato-negro/index.html (+48ms) 
23:26:26   ├─ /es/obra/improvisado/index.html (+58ms) 
23:26:26   ├─ /es/obra/susurros-en-la-oscuridad/index.html (+57ms) 
23:26:26   ├─ /es/temas/lectura-tiempo/index.html (+53ms) 
23:26:26   ├─ /es/obra/enfermera/index.html (+47ms) 
23:26:26   ├─ /es/temas/lectura-choque-cultural/index.html (+68ms) 
23:26:26   ├─ /es/obra/especialista-en-latam/index.html (+65ms) 
23:26:26   ├─ /es/temas/lectura-solidaridad/index.html (+53ms) 
23:26:26   ├─ /es/obra/la-partera/index.html (+63ms) 
23:26:26   ├─ /es/temas/lectura-gastronomia/index.html (+51ms) 
23:26:26   ├─ /es/obra/se-estan-comiendo-que/index.html (+65ms) 
23:26:26   ├─ /es/temas/lectura-inteligencia-artificial/index.html (+67ms) 
23:26:26   ├─ /es/temas/lectura-coexistencia/index.html (+48ms) 
23:26:26   ├─ /es/obra/debate-para-incidente-io-8c9beaf3b0-e/index.html (+66ms) 
23:26:27   ├─ /es/temas/lectura-guerra/index.html (+61ms) 
23:26:27   ├─ /es/obra/barbacoa-de-uma-estilo-culiacan/index.html (+66ms) 
23:26:27   ├─ /es/temas/lectura-primer-contacto/index.html (+61ms) 
23:26:27   ├─ /es/temas/lectura-diplomacia/index.html (+46ms) 
23:26:27   ├─ /es/obra/mi-primera-chamba-galactica/index.html (+49ms) 
23:26:27   ├─ /es/temas/lectura-tradiciones/index.html (+56ms) 
23:26:27   ├─ /es/obra/porque-los-brancianos-le-temen-a-las-pinatas/index.html (+60ms) 
23:26:27   ├─ /es/obra/mariachis-de-bolsillo/index.html (+46ms) 
23:26:27   ├─ /es/temas/lectura-competencia/index.html (+73ms) 
23:26:27   ├─ /es/obra/sayula-iii/index.html (+62ms) 
23:26:27   ├─ /es/obra/horda-latam/index.html (+54ms) 
23:26:27   ├─ /es/temas/lectura-pertenencia/index.html (+54ms) 
23:26:27   ├─ /es/obra/extraviado/index.html (+46ms) 
23:26:27   ├─ /es/temas/lectura-arte/index.html (+58ms) 
23:26:27   ├─ /es/temas/lectura-legado/index.html (+51ms) 
23:26:27   ├─ /es/obra/legado/index.html (+57ms) 
23:26:27   ├─ /es/temas/lectura-discriminacion/index.html (+64ms) 
23:26:27   ├─ /es/temas/lectura-cuerpo/index.html (+52ms) 
23:26:28   ├─ /es/obra/ellos-marcaban-sus-cuerpos/index.html (+48ms) 
23:26:28   ├─ /es/obra/se-solicita-ingeniero-ftl-humano/index.html (+79ms) 
23:26:28   ├─ /index.html (+34ms) 
23:26:28 ✓ Completed in 24.58s.

23:26:28 [build] ✓ Completed in 25.28s.
23:26:28 [@astrojs/sitemap] `sitemap-index.xml` created at `dist`
Publicación: 319 contenidos, 638 exportaciones, catálogo, llms.txt, robots y migración Netlify.
Pagefind: 311 documentos en /; idiomas y filtros desde contenido público.
23:26:29 [build] 337 page(s) built in 26.75s
23:26:29 [build] Complete!
npm warn Unknown env config "always-auth". This will error in a future major version of npm. See `npm help npmrc` for supported config options.
npm warn Unknown user config "always-auth". This will stop working in the next major version of npm. See `npm help npmrc` for supported config options.
npm notice run paynalton.tech@0.0.1 build:static
npm notice run VITE_DISABLE_EFFECTS=1 astro build
23:26:29 [content] Syncing content
23:26:29 [WARN] [glob-loader] The base directory "/home/paynalton/Proyectos/paynalton.com/src/content/blog/" does not exist.
23:26:30 [content] Synced content
23:26:30 [types] Generated 482ms
23:26:30 [build] output: "static"
23:26:30 [build] mode: "static"
23:26:30 [build] directory: /home/paynalton/Proyectos/paynalton.com/.effects-off-dist/
23:26:30 [build] Collecting build info...
23:26:30 [build] ✓ Completed in 509ms.
23:26:30 [build] Building static entrypoints...
23:26:30 [vite] ✓ built in 393ms
23:26:31 [vite] ✓ built in 684ms
23:26:31 [build] Rearranging server assets...

 generating static routes 
23:26:31   ├─ /404.html (+78ms) 
23:26:31   ├─ /en/about/index.html (+3ms) 
23:26:31   ├─ /en/books/cuando-la-tostadora-te-responde/index.html (+2ms) 
23:26:31   ├─ /en/contact/index.html (+2ms) 
23:26:31   ├─ /en/ideas/index.html (+2ms) 
23:26:31   ├─ /en/jobs/index.html (+2ms) 
23:26:31   ├─ /en/projects/index.html (+1ms) 
23:26:31   ├─ /en/index.html (+2ms) 
23:26:31   ├─ /es/about/index.html (+21ms) 
23:26:31   ├─ /es/contact/index.html (+26ms) 
23:26:31   ├─ /es/ideas/index.html (+24ms) 
23:26:31   ├─ /es/jobs/index.html (+35ms) 
23:26:31   ├─ /es/projects/index.html (+35ms) 
23:26:31   ├─ /nah/about/index.html (+3ms) 
23:26:31   ├─ /nah/books/cuando-la-tostadora-te-responde/index.html (+2ms) 
23:26:31   ├─ /nah/contact/index.html (+3ms) 
23:26:31   ├─ /nah/ideas/index.html (+2ms) 
23:26:31   ├─ /nah/jobs/index.html (+2ms) 
23:26:31   ├─ /nah/projects/index.html (+2ms) 
23:26:31   ├─ /nah/index.html (+2ms) 
23:26:31   ├─ /rss.xml (+49ms) 
23:26:31   ├─ /es/obra/aritmetica-con-numeros-indeterminados/index.json (+35ms) 
23:26:31   ├─ /es/obra/aritmetica-con-numeros-indeterminados/index.md (+27ms) 
23:26:31   ├─ /es/obra/la-chica-nueva/index.json (+26ms) 
23:26:31   ├─ /es/obra/la-chica-nueva/index.md (+24ms) 
23:26:31   ├─ /es/obra/presentacion/index.json (+24ms) 
23:26:31   ├─ /es/obra/presentacion/index.md (+28ms) 
23:26:31   ├─ /es/obra/silencio-oscuridad-y-muerte/index.json (+31ms) 
23:26:31   ├─ /es/obra/silencio-oscuridad-y-muerte/index.md (+21ms) 
23:26:31   ├─ /es/obra/amnesia/index.json (+30ms) 
23:26:31   ├─ /es/obra/amnesia/index.md (+24ms) 
23:26:31   ├─ /es/obra/mama/index.json (+29ms) 
23:26:31   ├─ /es/obra/mama/index.md (+27ms) 
23:26:32   ├─ /es/obra/la-niebla-de-san-jacinto/index.json (+24ms) 
23:26:32   ├─ /es/obra/la-niebla-de-san-jacinto/index.md (+24ms) 
23:26:32   ├─ /es/obra/por-un-poco-de-kaja-mita/index.json (+21ms) 
23:26:32   ├─ /es/obra/por-un-poco-de-kaja-mita/index.md (+23ms) 
23:26:32   ├─ /es/obra/barriada/index.json (+40ms) 
23:26:32   ├─ /es/obra/barriada/index.md (+34ms) 
23:26:32   ├─ /es/obra/gotas-de-lluvia/index.json (+23ms) 
23:26:32   ├─ /es/obra/gotas-de-lluvia/index.md (+33ms) 
23:26:32   ├─ /es/obra/presentando/index.json (+25ms) 
23:26:32   ├─ /es/obra/presentando/index.md (+24ms) 
23:26:32   ├─ /es/obra/rosa/index.json (+32ms) 
23:26:32   ├─ /es/obra/rosa/index.md (+29ms) 
23:26:32   ├─ /es/obra/el-hada/index.json (+26ms) 
23:26:32   ├─ /es/obra/el-hada/index.md (+30ms) 
23:26:32   ├─ /es/obra/cuanto-hace-ya/index.json (+29ms) 
23:26:32   ├─ /es/obra/cuanto-hace-ya/index.md (+21ms) 
23:26:32   ├─ /es/obra/hojas-secas/index.json (+25ms) 
23:26:32   ├─ /es/obra/hojas-secas/index.md (+21ms) 
23:26:32   ├─ /es/obra/hacia-el-mar/index.json (+26ms) 
23:26:32   ├─ /es/obra/hacia-el-mar/index.md (+23ms) 
23:26:32   ├─ /es/obra/mirame/index.json (+26ms) 
23:26:32   ├─ /es/obra/mirame/index.md (+24ms) 
23:26:32   ├─ /es/obra/la-flama/index.json (+30ms) 
23:26:32   ├─ /es/obra/la-flama/index.md (+26ms) 
23:26:32   ├─ /es/obra/la-reina-del-mar/index.json (+46ms) 
23:26:32   ├─ /es/obra/la-reina-del-mar/index.md (+49ms) 
23:26:32   ├─ /es/obra/que-facil-es-decir-te-amo/index.json (+44ms) 
23:26:32   ├─ /es/obra/que-facil-es-decir-te-amo/index.md (+21ms) 
23:26:32   ├─ /es/obra/princesa/index.json (+22ms) 
23:26:32   ├─ /es/obra/princesa/index.md (+24ms) 
23:26:32   ├─ /es/obra/mi-querido-arbol/index.json (+25ms) 
23:26:32   ├─ /es/obra/mi-querido-arbol/index.md (+32ms) 
23:26:32   ├─ /es/obra/el-reencuentro/index.json (+29ms) 
23:26:32   ├─ /es/obra/el-reencuentro/index.md (+24ms) 
23:26:32   ├─ /es/obra/estrellas-errantes/index.json (+28ms) 
23:26:32   ├─ /es/obra/estrellas-errantes/index.md (+20ms) 
23:26:33   ├─ /es/obra/historias-olvidadas/index.json (+22ms) 
23:26:33   ├─ /es/obra/historias-olvidadas/index.md (+40ms) 
23:26:33   ├─ /es/obra/la-huida/index.json (+29ms) 
23:26:33   ├─ /es/obra/la-huida/index.md (+24ms) 
23:26:33   ├─ /es/obra/princesa-sin-reino/index.json (+23ms) 
23:26:33   ├─ /es/obra/princesa-sin-reino/index.md (+30ms) 
23:26:33   ├─ /es/obra/texto-11-de-junio/index.json (+25ms) 
23:26:33   ├─ /es/obra/texto-11-de-junio/index.md (+25ms) 
23:26:33   ├─ /es/obra/hada/index.json (+28ms) 
23:26:33   ├─ /es/obra/hada/index.md (+23ms) 
23:26:33   ├─ /es/obra/de-noche-en-la-ciudad/index.json (+28ms) 
23:26:33   ├─ /es/obra/de-noche-en-la-ciudad/index.md (+21ms) 
23:26:33   ├─ /es/obra/labios/index.json (+23ms) 
23:26:33   ├─ /es/obra/labios/index.md (+19ms) 
23:26:33   ├─ /es/obra/la-luciernaga/index.json (+18ms) 
23:26:33   ├─ /es/obra/la-luciernaga/index.md (+29ms) 
23:26:33   ├─ /es/obra/pandora/index.json (+23ms) 
23:26:33   ├─ /es/obra/pandora/index.md (+27ms) 
23:26:33   ├─ /es/obra/sobre-la-montana-plateada/index.json (+24ms) 
23:26:33   ├─ /es/obra/sobre-la-montana-plateada/index.md (+21ms) 
23:26:33   ├─ /es/obra/los-dos-concientes/index.json (+27ms) 
23:26:33   ├─ /es/obra/los-dos-concientes/index.md (+48ms) 
23:26:33   ├─ /es/obra/la-locura-de-quijote/index.json (+44ms) 
23:26:33   ├─ /es/obra/la-locura-de-quijote/index.md (+27ms) 
23:26:33   ├─ /es/obra/carta-de-un-padre-a-su-hijo-en-dia-de-reyes/index.json (+24ms) 
23:26:33   ├─ /es/obra/carta-de-un-padre-a-su-hijo-en-dia-de-reyes/index.md (+39ms) 
23:26:33   ├─ /es/obra/existio-una-vez/index.json (+28ms) 
23:26:33   ├─ /es/obra/existio-una-vez/index.md (+48ms) 
23:26:33   ├─ /es/obra/pirateria-y-oportunidad/index.json (+29ms) 
23:26:33   ├─ /es/obra/pirateria-y-oportunidad/index.md (+25ms) 
23:26:33   ├─ /es/obra/dolor/index.json (+29ms) 
23:26:33   ├─ /es/obra/dolor/index.md (+53ms) 
23:26:33   ├─ /es/obra/locura-hermosa-locura/index.json (+77ms) 
23:26:34   ├─ /es/obra/locura-hermosa-locura/index.md (+31ms) 
23:26:34   ├─ /es/obra/memoria-alguien-ha-visto-mi-memoria/index.json (+46ms) 
23:26:34   ├─ /es/obra/memoria-alguien-ha-visto-mi-memoria/index.md (+35ms) 
23:26:34   ├─ /es/obra/cyborg/index.json (+27ms) 
23:26:34   ├─ /es/obra/cyborg/index.md (+28ms) 
23:26:34   ├─ /es/obra/bullyng/index.json (+33ms) 
23:26:34   ├─ /es/obra/bullyng/index.md (+41ms) 
23:26:34   ├─ /es/obra/descubrimiento/index.json (+38ms) 
23:26:34   ├─ /es/obra/descubrimiento/index.md (+19ms) 
23:26:34   ├─ /es/obra/el-estupor-mexicano/index.json (+23ms) 
23:26:34   ├─ /es/obra/el-estupor-mexicano/index.md (+29ms) 
23:26:34   ├─ /es/obra/howto-novia/index.json (+27ms) 
23:26:34   ├─ /es/obra/howto-novia/index.md (+25ms) 
23:26:34   ├─ /es/obra/guia-1/index.json (+33ms) 
23:26:34   ├─ /es/obra/guia-1/index.md (+29ms) 
23:26:34   ├─ /es/obra/paquetes-y-dependencias-en-gnu-linux/index.json (+19ms) 
23:26:34   ├─ /es/obra/paquetes-y-dependencias-en-gnu-linux/index.md (+31ms) 
23:26:34   ├─ /es/obra/usuarios-y-permisos-en-gnu-linux/index.json (+22ms) 
23:26:34   ├─ /es/obra/usuarios-y-permisos-en-gnu-linux/index.md (+20ms) 
23:26:34   ├─ /es/obra/el-jardin/index.json (+32ms) 
23:26:34   ├─ /es/obra/el-jardin/index.md (+25ms) 
23:26:34   ├─ /es/obra/manga/index.json (+32ms) 
23:26:34   ├─ /es/obra/manga/index.md (+32ms) 
23:26:34   ├─ /es/obra/te-amo/index.json (+30ms) 
23:26:34   ├─ /es/obra/te-amo/index.md (+23ms) 
23:26:34   ├─ /es/obra/la-bestia-de-metal/index.json (+19ms) 
23:26:34   ├─ /es/obra/la-bestia-de-metal/index.md (+26ms) 
23:26:34   ├─ /es/obra/noche-de-brujas-en-diabuluz/index.json (+26ms) 
23:26:34   ├─ /es/obra/noche-de-brujas-en-diabuluz/index.md (+20ms) 
23:26:34   ├─ /es/obra/decodificando-entidades-html-en-android/index.json (+21ms) 
23:26:34   ├─ /es/obra/decodificando-entidades-html-en-android/index.md (+26ms) 
23:26:34   ├─ /es/obra/google-chrome-crash-solved/index.json (+21ms) 
23:26:34   ├─ /es/obra/google-chrome-crash-solved/index.md (+23ms) 
23:26:34   ├─ /es/obra/promesas/index.json (+21ms) 
23:26:34   ├─ /es/obra/promesas/index.md (+21ms) 
23:26:34   ├─ /es/obra/paulo-coelho/index.json (+28ms) 
23:26:34   ├─ /es/obra/paulo-coelho/index.md (+29ms) 
23:26:35   ├─ /es/obra/una-historia-imaginaria/index.json (+22ms) 
23:26:35   ├─ /es/obra/una-historia-imaginaria/index.md (+28ms) 
23:26:35   ├─ /es/obra/crisalida/index.json (+47ms) 
23:26:35   ├─ /es/obra/crisalida/index.md (+32ms) 
23:26:35   ├─ /es/obra/justicia-ilegal/index.json (+26ms) 
23:26:35   ├─ /es/obra/justicia-ilegal/index.md (+27ms) 
23:26:35   ├─ /es/obra/a-que-tienes-derecho/index.json (+26ms) 
23:26:35   ├─ /es/obra/a-que-tienes-derecho/index.md (+27ms) 
23:26:35   ├─ /es/obra/los-de-abajo/index.json (+23ms) 
23:26:35   ├─ /es/obra/los-de-abajo/index.md (+24ms) 
23:26:35   ├─ /es/obra/esqueletos/index.json (+26ms) 
23:26:35   ├─ /es/obra/esqueletos/index.md (+21ms) 
23:26:35   ├─ /es/obra/corazon-dormido/index.json (+37ms) 
23:26:35   ├─ /es/obra/corazon-dormido/index.md (+24ms) 
23:26:35   ├─ /es/obra/retrospectiva/index.json (+35ms) 
23:26:35   ├─ /es/obra/retrospectiva/index.md (+39ms) 
23:26:35   ├─ /es/obra/economia-casera/index.json (+28ms) 
23:26:35   ├─ /es/obra/economia-casera/index.md (+55ms) 
23:26:35   ├─ /es/obra/dolor-paynalton-m086/index.json (+31ms) 
23:26:35   ├─ /es/obra/dolor-paynalton-m086/index.md (+32ms) 
23:26:35   ├─ /es/obra/la-generacion-de-intereses-devalua-las-monedas-porque-porque-lo-digo-yo/index.json (+26ms) 
23:26:35   ├─ /es/obra/la-generacion-de-intereses-devalua-las-monedas-porque-porque-lo-digo-yo/index.md (+21ms) 
23:26:35   ├─ /es/obra/caja-se-siembra/index.json (+24ms) 
23:26:35   ├─ /es/obra/caja-se-siembra/index.md (+23ms) 
23:26:35   ├─ /es/obra/control-de-inflacion/index.json (+35ms) 
23:26:35   ├─ /es/obra/control-de-inflacion/index.md (+54ms) 
23:26:35   ├─ /es/obra/viaje-solitario/index.json (+30ms) 
23:26:35   ├─ /es/obra/viaje-solitario/index.md (+28ms) 
23:26:35   ├─ /es/obra/el-cuarto-poder/index.json (+32ms) 
23:26:35   ├─ /es/obra/el-cuarto-poder/index.md (+24ms) 
23:26:35   ├─ /es/obra/dama-de-suenos/index.json (+35ms) 
23:26:35   ├─ /es/obra/dama-de-suenos/index.md (+24ms) 
23:26:35   ├─ /es/obra/control-de-armas/index.json (+24ms) 
23:26:36   ├─ /es/obra/control-de-armas/index.md (+24ms) 
23:26:36   ├─ /es/obra/volver-a-casa/index.json (+29ms) 
23:26:36   ├─ /es/obra/volver-a-casa/index.md (+31ms) 
23:26:36   ├─ /es/obra/humildad/index.json (+23ms) 
23:26:36   ├─ /es/obra/humildad/index.md (+29ms) 
23:26:36   ├─ /es/obra/la-innovacion-cristiana/index.json (+24ms) 
23:26:36   ├─ /es/obra/la-innovacion-cristiana/index.md (+32ms) 
23:26:36   ├─ /es/obra/partida/index.json (+39ms) 
23:26:36   ├─ /es/obra/partida/index.md (+19ms) 
23:26:36   ├─ /es/obra/los-juegos-del-salario/index.json (+19ms) 
23:26:36   ├─ /es/obra/los-juegos-del-salario/index.md (+20ms) 
23:26:36   ├─ /es/obra/perdidos/index.json (+28ms) 
23:26:36   ├─ /es/obra/perdidos/index.md (+23ms) 
23:26:36   ├─ /es/obra/mmorpg-opensource/index.json (+29ms) 
23:26:36   ├─ /es/obra/mmorpg-opensource/index.md (+29ms) 
23:26:36   ├─ /es/obra/el-traje-nuevo-del-millenial/index.json (+19ms) 
23:26:36   ├─ /es/obra/el-traje-nuevo-del-millenial/index.md (+21ms) 
23:26:36   ├─ /es/obra/el-origen-del-mal/index.json (+30ms) 
23:26:36   ├─ /es/obra/el-origen-del-mal/index.md (+28ms) 
23:26:36   ├─ /es/obra/trabajo-colaborativo-vs-jerarquico/index.json (+43ms) 
23:26:36   ├─ /es/obra/trabajo-colaborativo-vs-jerarquico/index.md (+49ms) 
23:26:36   ├─ /es/obra/la-carta/index.json (+36ms) 
23:26:36   ├─ /es/obra/la-carta/index.md (+19ms) 
23:26:36   ├─ /es/obra/el-poder-magisterial/index.json (+21ms) 
23:26:36   ├─ /es/obra/el-poder-magisterial/index.md (+29ms) 
23:26:36   ├─ /es/obra/despertar/index.json (+46ms) 
23:26:36   ├─ /es/obra/despertar/index.md (+51ms) 
23:26:36   ├─ /es/obra/capitalismo-vs-dinerismo/index.json (+46ms) 
23:26:36   ├─ /es/obra/capitalismo-vs-dinerismo/index.md (+27ms) 
23:26:36   ├─ /es/obra/el-dios-en-que-yo-creo/index.json (+24ms) 
23:26:36   ├─ /es/obra/el-dios-en-que-yo-creo/index.md (+25ms) 
23:26:36   ├─ /es/obra/decision/index.json (+26ms) 
23:26:36   ├─ /es/obra/decision/index.md (+30ms) 
23:26:36   ├─ /es/obra/evangelio-del-gato-negro/index.json (+23ms) 
23:26:37   ├─ /es/obra/evangelio-del-gato-negro/index.md (+33ms) 
23:26:37   ├─ /es/obra/improvisado/index.json (+25ms) 
23:26:37   ├─ /es/obra/improvisado/index.md (+23ms) 
23:26:37   ├─ /es/obra/susurros-en-la-oscuridad/index.json (+26ms) 
23:26:37   ├─ /es/obra/susurros-en-la-oscuridad/index.md (+20ms) 
23:26:37   ├─ /es/obra/enfermera/index.json (+28ms) 
23:26:37   ├─ /es/obra/enfermera/index.md (+27ms) 
23:26:37   ├─ /es/obra/especialista-en-latam/index.json (+28ms) 
23:26:37   ├─ /es/obra/especialista-en-latam/index.md (+23ms) 
23:26:37   ├─ /es/obra/la-partera/index.json (+24ms) 
23:26:37   ├─ /es/obra/la-partera/index.md (+29ms) 
23:26:37   ├─ /es/obra/se-estan-comiendo-que/index.json (+23ms) 
23:26:37   ├─ /es/obra/se-estan-comiendo-que/index.md (+21ms) 
23:26:37   ├─ /es/obra/debate-para-incidente-io-8c9beaf3b0-e/index.json (+31ms) 
23:26:37   ├─ /es/obra/debate-para-incidente-io-8c9beaf3b0-e/index.md (+26ms) 
23:26:37   ├─ /es/obra/barbacoa-de-uma-estilo-culiacan/index.json (+29ms) 
23:26:37   ├─ /es/obra/barbacoa-de-uma-estilo-culiacan/index.md (+25ms) 
23:26:37   ├─ /es/obra/mi-primera-chamba-galactica/index.json (+31ms) 
23:26:37   ├─ /es/obra/mi-primera-chamba-galactica/index.md (+29ms) 
23:26:37   ├─ /es/obra/porque-los-brancianos-le-temen-a-las-pinatas/index.json (+29ms) 
23:26:37   ├─ /es/obra/porque-los-brancianos-le-temen-a-las-pinatas/index.md (+29ms) 
23:26:37   ├─ /es/obra/mariachis-de-bolsillo/index.json (+24ms) 
23:26:37   ├─ /es/obra/mariachis-de-bolsillo/index.md (+28ms) 
23:26:37   ├─ /es/obra/sayula-iii/index.json (+43ms) 
23:26:37   ├─ /es/obra/sayula-iii/index.md (+44ms) 
23:26:37   ├─ /es/obra/horda-latam/index.json (+28ms) 
23:26:37   ├─ /es/obra/horda-latam/index.md (+36ms) 
23:26:37   ├─ /es/obra/extraviado/index.json (+30ms) 
23:26:37   ├─ /es/obra/extraviado/index.md (+29ms) 
23:26:37   ├─ /es/obra/legado/index.json (+24ms) 
23:26:37   ├─ /es/obra/legado/index.md (+30ms) 
23:26:37   ├─ /es/obra/ellos-marcaban-sus-cuerpos/index.json (+27ms) 
23:26:37   ├─ /es/obra/ellos-marcaban-sus-cuerpos/index.md (+21ms) 
23:26:37   ├─ /es/obra/se-solicita-ingeniero-ftl-humano/index.json (+27ms) 
23:26:37   ├─ /es/obra/se-solicita-ingeniero-ftl-humano/index.md (+22ms) 
23:26:37   ├─ /es/proyectos/pipila/index.json (+22ms) 
23:26:38   ├─ /es/proyectos/pipila/index.md (+29ms) 
23:26:38   ├─ /es/proyectos/onix/index.json (+31ms) 
23:26:38   ├─ /es/proyectos/onix/index.md (+36ms) 
23:26:38   ├─ /es/proyectos/guacamaya/index.json (+35ms) 
23:26:38   ├─ /es/proyectos/guacamaya/index.md (+23ms) 
23:26:38   ├─ /es/proyectos/winner/index.json (+27ms) 
23:26:38   ├─ /es/proyectos/winner/index.md (+27ms) 
23:26:38   ├─ /es/proyectos/yayauhqui/index.json (+21ms) 
23:26:38   ├─ /es/proyectos/yayauhqui/index.md (+22ms) 
23:26:38   ├─ /es/proyectos/spellchecker/index.json (+32ms) 
23:26:38   ├─ /es/proyectos/spellchecker/index.md (+30ms) 
23:26:38   ├─ /es/proyectos/loro/index.json (+30ms) 
23:26:38   ├─ /es/proyectos/loro/index.md (+50ms) 
23:26:38   ├─ /es/proyectos/perico/index.json (+35ms) 
23:26:38   ├─ /es/proyectos/perico/index.md (+43ms) 
23:26:38   ├─ /es/proyectos/delta/index.json (+26ms) 
23:26:38   ├─ /es/proyectos/delta/index.md (+29ms) 
23:26:38   ├─ /es/proyectos/delta-commerce/index.json (+31ms) 
23:26:38   ├─ /es/proyectos/delta-commerce/index.md (+33ms) 
23:26:38   ├─ /es/proyectos/k4y/index.json (+44ms) 
23:26:38   ├─ /es/proyectos/k4y/index.md (+37ms) 
23:26:38   ├─ /es/proyectos/holstein/index.json (+50ms) 
23:26:38   ├─ /es/proyectos/holstein/index.md (+57ms) 
23:26:38   ├─ /es/index.html (+67ms) 
23:26:38   ├─ /es/proyectos/index.html (+51ms) 
23:26:38   ├─ /es/trayectoria/index.html (+52ms) 
23:26:38   ├─ /es/obra/index.html (+48ms) 
23:26:39   ├─ /es/sobre-mi/index.html (+46ms) 
23:26:39   ├─ /es/contacto/index.html (+47ms) 
23:26:39   ├─ /es/explorar/index.html (+62ms) 
23:26:39   ├─ /es/temas/index.html (+53ms) 
23:26:39   ├─ /es/proyectos/pipila/index.html (+59ms) 
23:26:39   ├─ /es/temas/integracion-de-sistemas/index.html (+72ms) 
23:26:39   ├─ /es/proyectos/onix/index.html (+49ms) 
23:26:39   ├─ /es/proyectos/guacamaya/index.html (+56ms) 
23:26:39   ├─ /es/proyectos/winner/index.html (+54ms) 
23:26:39   ├─ /es/proyectos/yayauhqui/index.html (+60ms) 
23:26:39   ├─ /es/proyectos/spellchecker/index.html (+50ms) 
23:26:39   ├─ /es/proyectos/loro/index.html (+53ms) 
23:26:39   ├─ /es/proyectos/perico/index.html (+54ms) 
23:26:39   ├─ /es/proyectos/delta/index.html (+66ms) 
23:26:39   ├─ /es/proyectos/delta-commerce/index.html (+50ms) 
23:26:39   ├─ /es/proyectos/k4y/index.html (+55ms) 
23:26:39   ├─ /es/proyectos/holstein/index.html (+52ms) 
23:26:39   ├─ /es/temas/arquitectura-de-soluciones/index.html (+54ms) 
23:26:39   ├─ /es/temas/desarrollo-fullstack/index.html (+58ms) 
23:26:40   ├─ /es/temas/operacion-y-modernizacion/index.html (+56ms) 
23:26:40   ├─ /es/temas/trabajo-con-inteligencia-artificial/index.html (+47ms) 
23:26:40   ├─ /es/temas/liderazgo-de-equipos/index.html (+60ms) 
23:26:40   ├─ /es/books/cuando-la-tostadora-te-responde/index.html (+54ms) 
23:26:40   ├─ /es/temas/resolucion-de-problemas/index.html (+58ms) 
23:26:40   ├─ /es/temas/memoria-y-contexto-de-agentes/index.html (+48ms) 
23:26:40   ├─ /es/temas/creacion-editorial/index.html (+47ms) 
23:26:40   ├─ /es/temas/inteligencia-y-humanidad/index.html (+55ms) 
23:26:40   ├─ /es/temas/lectura-categoria-academicos/index.html (+52ms) 
23:26:40   ├─ /es/temas/lectura-texto-teorico/index.html (+46ms) 
23:26:40   ├─ /es/temas/lectura-matematicas/index.html (+44ms) 
23:26:40   ├─ /es/temas/lectura-indeterminacion/index.html (+52ms) 
23:26:40   ├─ /es/temas/lectura-conocimiento/index.html (+66ms) 
23:26:40   ├─ /es/obra/aritmetica-con-numeros-indeterminados/index.html (+65ms) 
23:26:40   ├─ /es/temas/lectura-categoria-cuentos/index.html (+49ms) 
23:26:40   ├─ /es/temas/lectura-cuento/index.html (+63ms) 
23:26:40   ├─ /es/temas/lectura-terror/index.html (+53ms) 
23:26:40   ├─ /es/temas/lectura-ciudad/index.html (+48ms) 
23:26:41   ├─ /es/temas/lectura-muerte/index.html (+48ms) 
23:26:41   ├─ /es/obra/la-chica-nueva/index.html (+49ms) 
23:26:41   ├─ /es/temas/lectura-categoria-editoriales/index.html (+51ms) 
23:26:41   ├─ /es/temas/lectura-presentacion-editorial/index.html (+55ms) 
23:26:41   ├─ /es/temas/lectura-presentacion/index.html (+69ms) 
23:26:41   ├─ /es/obra/presentacion/index.html (+62ms) 
23:26:41   ├─ /es/temas/lectura-crisis-economica/index.html (+68ms) 
23:26:41   ├─ /es/temas/lectura-pareja/index.html (+61ms) 
23:26:41   ├─ /es/obra/silencio-oscuridad-y-muerte/index.html (+47ms) 
23:26:41   ├─ /es/temas/lectura-memoria/index.html (+56ms) 
23:26:41   ├─ /es/temas/lectura-identidad/index.html (+50ms) 
23:26:41   ├─ /es/obra/amnesia/index.html (+57ms) 
23:26:41   ├─ /es/temas/lectura-drama-social/index.html (+62ms) 
23:26:41   ├─ /es/temas/lectura-infancia/index.html (+63ms) 
23:26:41   ├─ /es/temas/lectura-familia/index.html (+48ms) 
23:26:41   ├─ /es/temas/lectura-violencia/index.html (+52ms) 
23:26:41   ├─ /es/obra/mama/index.html (+64ms) 
23:26:41   ├─ /es/temas/lectura-sobrenatural/index.html (+55ms) 
23:26:42   ├─ /es/temas/lectura-memoria-historica/index.html (+52ms) 
23:26:42   ├─ /es/obra/la-niebla-de-san-jacinto/index.html (+55ms) 
23:26:42   ├─ /es/temas/lectura-fantasia/index.html (+54ms) 
23:26:42   ├─ /es/temas/lectura-fanfiction/index.html (+53ms) 
23:26:42   ├─ /es/temas/lectura-aventura/index.html (+52ms) 
23:26:42   ├─ /es/temas/lectura-ingenio/index.html (+58ms) 
23:26:42   ├─ /es/obra/por-un-poco-de-kaja-mita/index.html (+55ms) 
23:26:42   ├─ /es/temas/lectura-supervivencia/index.html (+48ms) 
23:26:42   ├─ /es/obra/barriada/index.html (+48ms) 
23:26:42   ├─ /es/temas/lectura-categoria-poesia/index.html (+69ms) 
23:26:42   ├─ /es/temas/lectura-poesia/index.html (+67ms) 
23:26:42   ├─ /es/temas/lectura-prosa-poetica/index.html (+57ms) 
23:26:42   ├─ /es/temas/lectura-amor/index.html (+58ms) 
23:26:42   ├─ /es/temas/lectura-desamor/index.html (+46ms) 
23:26:42   ├─ /es/temas/lectura-lluvia/index.html (+50ms) 
23:26:42   ├─ /es/obra/gotas-de-lluvia/index.html (+48ms) 
23:26:42   ├─ /es/obra/presentando/index.html (+51ms) 
23:26:42   ├─ /es/temas/lectura-microrrelato/index.html (+53ms) 
23:26:43   ├─ /es/obra/rosa/index.html (+48ms) 
23:26:43   ├─ /es/temas/lectura-duelo/index.html (+62ms) 
23:26:43   ├─ /es/temas/lectura-esperanza/index.html (+61ms) 
23:26:43   ├─ /es/temas/lectura-amistad/index.html (+50ms) 
23:26:43   ├─ /es/obra/el-hada/index.html (+71ms) 
23:26:43   ├─ /es/temas/lectura-poema/index.html (+74ms) 
23:26:43   ├─ /es/temas/lectura-ausencia/index.html (+71ms) 
23:26:43   ├─ /es/obra/cuanto-hace-ya/index.html (+52ms) 
23:26:43   ├─ /es/temas/lectura-soledad/index.html (+49ms) 
23:26:43   ├─ /es/temas/lectura-naturaleza/index.html (+65ms) 
23:26:43   ├─ /es/obra/hojas-secas/index.html (+57ms) 
23:26:43   ├─ /es/temas/lectura-viaje/index.html (+55ms) 
23:26:43   ├─ /es/obra/hacia-el-mar/index.html (+56ms) 
23:26:43   ├─ /es/temas/lectura-intimidad/index.html (+52ms) 
23:26:43   ├─ /es/obra/mirame/index.html (+63ms) 
23:26:43   ├─ /es/obra/la-flama/index.html (+53ms) 
23:26:43   ├─ /es/temas/lectura-mar/index.html (+49ms) 
23:26:44   ├─ /es/obra/la-reina-del-mar/index.html (+49ms) 
23:26:44   ├─ /es/temas/lectura-recuperacion-emocional/index.html (+51ms) 
23:26:44   ├─ /es/obra/que-facil-es-decir-te-amo/index.html (+64ms) 
23:26:44   ├─ /es/temas/lectura-suenos/index.html (+57ms) 
23:26:44   ├─ /es/obra/princesa/index.html (+51ms) 
23:26:44   ├─ /es/temas/lectura-perdida/index.html (+57ms) 
23:26:44   ├─ /es/obra/mi-querido-arbol/index.html (+47ms) 
23:26:44   ├─ /es/temas/lectura-intolerancia/index.html (+50ms) 
23:26:44   ├─ /es/obra/el-reencuentro/index.html (+48ms) 
23:26:44   ├─ /es/temas/lectura-trabajo/index.html (+76ms) 
23:26:44   ├─ /es/obra/estrellas-errantes/index.html (+58ms) 
23:26:44   ├─ /es/obra/historias-olvidadas/index.html (+60ms) 
23:26:44   ├─ /es/temas/lectura-magia/index.html (+67ms) 
23:26:44   ├─ /es/obra/la-huida/index.html (+57ms) 
23:26:44   ├─ /es/temas/lectura-libertad/index.html (+44ms) 
23:26:44   ├─ /es/obra/princesa-sin-reino/index.html (+50ms) 
23:26:44   ├─ /es/obra/texto-11-de-junio/index.html (+64ms) 
23:26:44   ├─ /es/obra/hada/index.html (+69ms) 
23:26:45   ├─ /es/temas/lectura-noche/index.html (+55ms) 
23:26:45   ├─ /es/obra/de-noche-en-la-ciudad/index.html (+60ms) 
23:26:45   ├─ /es/temas/lectura-deseo/index.html (+65ms) 
23:26:45   ├─ /es/obra/labios/index.html (+51ms) 
23:26:45   ├─ /es/temas/lectura-fabula/index.html (+50ms) 
23:26:45   ├─ /es/obra/la-luciernaga/index.html (+50ms) 
23:26:45   ├─ /es/temas/lectura-categoria-reflexiones-filosoficas/index.html (+45ms) 
23:26:45   ├─ /es/temas/lectura-reflexion-filosofica/index.html (+57ms) 
23:26:45   ├─ /es/temas/lectura-filosofia-de-la-vida/index.html (+54ms) 
23:26:45   ├─ /es/temas/lectura-ecologia/index.html (+60ms) 
23:26:45   ├─ /es/temas/lectura-tecnologia/index.html (+51ms) 
23:26:45   ├─ /es/temas/lectura-humanidad/index.html (+50ms) 
23:26:45   ├─ /es/obra/pandora/index.html (+52ms) 
23:26:45   ├─ /es/temas/lectura-identidad-digital/index.html (+59ms) 
23:26:45   ├─ /es/obra/sobre-la-montana-plateada/index.html (+49ms) 
23:26:45   ├─ /es/temas/lectura-filosofia-de-la-mente/index.html (+51ms) 
23:26:45   ├─ /es/temas/lectura-conciencia/index.html (+60ms) 
23:26:45   ├─ /es/temas/lectura-lenguaje/index.html (+78ms) 
23:26:46   ├─ /es/obra/los-dos-concientes/index.html (+55ms) 
23:26:46   ├─ /es/temas/lectura-categoria-personales/index.html (+49ms) 
23:26:46   ├─ /es/temas/lectura-texto-personal/index.html (+61ms) 
23:26:46   ├─ /es/temas/lectura-cronica-personal/index.html (+70ms) 
23:26:46   ├─ /es/temas/lectura-literatura/index.html (+53ms) 
23:26:46   ├─ /es/obra/la-locura-de-quijote/index.html (+60ms) 
23:26:46   ├─ /es/temas/lectura-etica/index.html (+58ms) 
23:26:46   ├─ /es/obra/carta-de-un-padre-a-su-hijo-en-dia-de-reyes/index.html (+52ms) 
23:26:46   ├─ /es/temas/lectura-cuento-filosofico/index.html (+73ms) 
23:26:46   ├─ /es/temas/lectura-alegoria/index.html (+50ms) 
23:26:46   ├─ /es/temas/lectura-religion/index.html (+64ms) 
23:26:46   ├─ /es/obra/existio-una-vez/index.html (+58ms) 
23:26:46   ├─ /es/temas/lectura-categoria-criticas/index.html (+51ms) 
23:26:46   ├─ /es/temas/lectura-critica/index.html (+61ms) 
23:26:46   ├─ /es/temas/lectura-critica-cultural/index.html (+55ms) 
23:26:46   ├─ /es/temas/lectura-economia/index.html (+50ms) 
23:26:46   ├─ /es/temas/lectura-musica/index.html (+54ms) 
23:26:46   ├─ /es/temas/lectura-propiedad-intelectual/index.html (+49ms) 
23:26:47   ├─ /es/obra/pirateria-y-oportunidad/index.html (+52ms) 
23:26:47   ├─ /es/temas/lectura-reflexion-personal/index.html (+57ms) 
23:26:47   ├─ /es/obra/dolor/index.html (+60ms) 
23:26:47   ├─ /es/temas/lectura-filosofia-existencial/index.html (+96ms) 
23:26:47   ├─ /es/temas/lectura-normas-sociales/index.html (+85ms) 
23:26:47   ├─ /es/obra/locura-hermosa-locura/index.html (+58ms) 
23:26:47   ├─ /es/temas/lectura-percepcion/index.html (+54ms) 
23:26:47   ├─ /es/obra/memoria-alguien-ha-visto-mi-memoria/index.html (+53ms) 
23:26:47   ├─ /es/temas/lectura-filosofia-de-la-tecnologia/index.html (+49ms) 
23:26:47   ├─ /es/obra/cyborg/index.html (+54ms) 
23:26:47   ├─ /es/temas/lectura-critica-social/index.html (+80ms) 
23:26:47   ├─ /es/temas/lectura-educacion/index.html (+50ms) 
23:26:47   ├─ /es/obra/bullyng/index.html (+46ms) 
23:26:47   ├─ /es/obra/descubrimiento/index.html (+44ms) 
23:26:47   ├─ /es/temas/lectura-mexico/index.html (+47ms) 
23:26:47   ├─ /es/temas/lectura-progreso/index.html (+57ms) 
23:26:47   ├─ /es/temas/lectura-imaginacion/index.html (+49ms) 
23:26:48   ├─ /es/obra/el-estupor-mexicano/index.html (+64ms) 
23:26:48   ├─ /es/temas/lectura-categoria-humor/index.html (+73ms) 
23:26:48   ├─ /es/temas/lectura-humor/index.html (+61ms) 
23:26:48   ├─ /es/temas/lectura-parodia/index.html (+53ms) 
23:26:48   ├─ /es/temas/lectura-relaciones-de-pareja/index.html (+71ms) 
23:26:48   ├─ /es/temas/lectura-informatica/index.html (+52ms) 
23:26:48   ├─ /es/obra/howto-novia/index.html (+46ms) 
23:26:48   ├─ /es/temas/lectura-categoria-tecnicos/index.html (+48ms) 
23:26:48   ├─ /es/temas/lectura-texto-tecnico/index.html (+47ms) 
23:26:48   ├─ /es/temas/lectura-divulgacion-tecnica/index.html (+62ms) 
23:26:48   ├─ /es/temas/lectura-gnu-linux/index.html (+61ms) 
23:26:48   ├─ /es/temas/lectura-software-libre/index.html (+55ms) 
23:26:48   ├─ /es/obra/guia-1/index.html (+104ms) 
23:26:48   ├─ /es/temas/lectura-tutorial/index.html (+75ms) 
23:26:48   ├─ /es/temas/lectura-administracion-de-sistemas/index.html (+50ms) 
23:26:48   ├─ /es/obra/paquetes-y-dependencias-en-gnu-linux/index.html (+47ms) 
23:26:48   ├─ /es/temas/lectura-seguridad-informatica/index.html (+48ms) 
23:26:49   ├─ /es/obra/usuarios-y-permisos-en-gnu-linux/index.html (+54ms) 
23:26:49   ├─ /es/temas/lectura-vejez/index.html (+49ms) 
23:26:49   ├─ /es/obra/el-jardin/index.html (+48ms) 
23:26:49   ├─ /es/temas/lectura-nota-personal/index.html (+57ms) 
23:26:49   ├─ /es/temas/lectura-arte-digital/index.html (+80ms) 
23:26:49   ├─ /es/obra/manga/index.html (+60ms) 
23:26:49   ├─ /es/temas/lectura-dedicatoria/index.html (+42ms) 
23:26:49   ├─ /es/obra/te-amo/index.html (+63ms) 
23:26:49   ├─ /es/temas/lectura-separacion/index.html (+76ms) 
23:26:49   ├─ /es/obra/la-bestia-de-metal/index.html (+58ms) 
23:26:49   ├─ /es/temas/lectura-programacion/index.html (+51ms) 
23:26:49   ├─ /es/temas/lectura-efectos-visuales/index.html (+58ms) 
23:26:49   ├─ /es/obra/noche-de-brujas-en-diabuluz/index.html (+53ms) 
23:26:49   ├─ /es/temas/lectura-nota-tecnica/index.html (+49ms) 
23:26:49   ├─ /es/temas/lectura-android/index.html (+48ms) 
23:26:49   ├─ /es/obra/decodificando-entidades-html-en-android/index.html (+45ms) 
23:26:49   ├─ /es/temas/lectura-diagnostico-tecnico/index.html (+57ms) 
23:26:49   ├─ /es/obra/google-chrome-crash-solved/index.html (+59ms) 
23:26:50   ├─ /es/temas/lectura-drama/index.html (+66ms) 
23:26:50   ├─ /es/temas/lectura-promesas/index.html (+53ms) 
23:26:50   ├─ /es/obra/promesas/index.html (+54ms) 
23:26:50   ├─ /es/temas/lectura-critica-literaria/index.html (+53ms) 
23:26:50   ├─ /es/obra/paulo-coelho/index.html (+66ms) 
23:26:50   ├─ /es/obra/una-historia-imaginaria/index.html (+59ms) 
23:26:50   ├─ /es/temas/lectura-transformacion-personal/index.html (+63ms) 
23:26:50   ├─ /es/obra/crisalida/index.html (+52ms) 
23:26:50   ├─ /es/temas/lectura-aforismo/index.html (+56ms) 
23:26:50   ├─ /es/temas/lectura-justicia/index.html (+58ms) 
23:26:50   ├─ /es/temas/lectura-politica/index.html (+51ms) 
23:26:50   ├─ /es/obra/justicia-ilegal/index.html (+52ms) 
23:26:50   ├─ /es/temas/lectura-vida/index.html (+49ms) 
23:26:50   ├─ /es/obra/a-que-tienes-derecho/index.html (+67ms) 
23:26:50   ├─ /es/temas/lectura-desigualdad/index.html (+49ms) 
23:26:50   ├─ /es/temas/lectura-exito/index.html (+66ms) 
23:26:50   ├─ /es/obra/los-de-abajo/index.html (+51ms) 
23:26:51   ├─ /es/temas/lectura-filosofia-social/index.html (+56ms) 
23:26:51   ├─ /es/temas/lectura-cambio/index.html (+56ms) 
23:26:51   ├─ /es/temas/lectura-ideas/index.html (+53ms) 
23:26:51   ├─ /es/obra/esqueletos/index.html (+47ms) 
23:26:51   ├─ /es/obra/corazon-dormido/index.html (+58ms) 
23:26:51   ├─ /es/temas/lectura-proposito/index.html (+57ms) 
23:26:51   ├─ /es/obra/retrospectiva/index.html (+48ms) 
23:26:51   ├─ /es/temas/lectura-opinion-economica/index.html (+43ms) 
23:26:51   ├─ /es/temas/lectura-autoconsumo/index.html (+56ms) 
23:26:51   ├─ /es/obra/economia-casera/index.html (+59ms) 
23:26:51   ├─ /es/temas/lectura-eternidad/index.html (+56ms) 
23:26:51   ├─ /es/obra/dolor-paynalton-m086/index.html (+65ms) 
23:26:51   ├─ /es/temas/lectura-dinero/index.html (+70ms) 
23:26:51   ├─ /es/temas/lectura-deuda/index.html (+43ms) 
23:26:51   ├─ /es/obra/la-generacion-de-intereses-devalua-las-monedas-porque-porque-lo-digo-yo/index.html (+46ms) 
23:26:51   ├─ /es/temas/lectura-propuesta-tecnica/index.html (+48ms) 
23:26:51   ├─ /es/temas/lectura-agricultura/index.html (+53ms) 
23:26:51   ├─ /es/temas/lectura-automatizacion/index.html (+49ms) 
23:26:51   ├─ /es/obra/caja-se-siembra/index.html (+49ms) 
23:26:52   ├─ /es/temas/lectura-credito/index.html (+46ms) 
23:26:52   ├─ /es/obra/control-de-inflacion/index.html (+49ms) 
23:26:52   ├─ /es/obra/viaje-solitario/index.html (+51ms) 
23:26:52   ├─ /es/temas/lectura-propuesta-politica/index.html (+51ms) 
23:26:52   ├─ /es/temas/lectura-democracia/index.html (+43ms) 
23:26:52   ├─ /es/temas/lectura-poder/index.html (+55ms) 
23:26:52   ├─ /es/obra/el-cuarto-poder/index.html (+73ms) 
23:26:52   ├─ /es/obra/dama-de-suenos/index.html (+65ms) 
23:26:52   ├─ /es/temas/lectura-critica-politica/index.html (+50ms) 
23:26:52   ├─ /es/temas/lectura-armas/index.html (+48ms) 
23:26:52   ├─ /es/obra/control-de-armas/index.html (+43ms) 
23:26:52   ├─ /es/temas/lectura-despedida/index.html (+53ms) 
23:26:52   ├─ /es/obra/volver-a-casa/index.html (+55ms) 
23:26:52   ├─ /es/temas/lectura-prejuicios/index.html (+48ms) 
23:26:52   ├─ /es/temas/lectura-empatia/index.html (+49ms) 
23:26:52   ├─ /es/obra/humildad/index.html (+48ms) 
23:26:52   ├─ /es/temas/lectura-filosofia-de-la-religion/index.html (+44ms) 
23:26:52   ├─ /es/obra/la-innovacion-cristiana/index.html (+64ms) 
23:26:52   ├─ /es/obra/partida/index.html (+59ms) 
23:26:53   ├─ /es/temas/lectura-opinion-profesional/index.html (+65ms) 
23:26:53   ├─ /es/temas/lectura-motivacion/index.html (+58ms) 
23:26:53   ├─ /es/obra/los-juegos-del-salario/index.html (+57ms) 
23:26:53   ├─ /es/obra/perdidos/index.html (+62ms) 
23:26:53   ├─ /es/temas/lectura-videojuegos/index.html (+68ms) 
23:26:53   ├─ /es/temas/lectura-interoperabilidad/index.html (+60ms) 
23:26:53   ├─ /es/obra/mmorpg-opensource/index.html (+52ms) 
23:26:53   ├─ /es/temas/lectura-algoritmos/index.html (+60ms) 
23:26:53   ├─ /es/temas/lectura-redes-sociales/index.html (+72ms) 
23:26:53   ├─ /es/obra/el-traje-nuevo-del-millenial/index.html (+59ms) 
23:26:53   ├─ /es/temas/lectura-pensiones/index.html (+52ms) 
23:26:53   ├─ /es/temas/lectura-dependencia/index.html (+57ms) 
23:26:53   ├─ /es/obra/el-origen-del-mal/index.html (+62ms) 
23:26:53   ├─ /es/temas/lectura-colaboracion/index.html (+71ms) 
23:26:53   ├─ /es/temas/lectura-jerarquia/index.html (+57ms) 
23:26:53   ├─ /es/obra/trabajo-colaborativo-vs-jerarquico/index.html (+66ms) 
23:26:54   ├─ /es/temas/lectura-ciencia-ficcion/index.html (+62ms) 
23:26:54   ├─ /es/temas/lectura-arqueologia/index.html (+51ms) 
23:26:54   ├─ /es/obra/la-carta/index.html (+59ms) 
23:26:54   ├─ /es/obra/el-poder-magisterial/index.html (+73ms) 
23:26:54   ├─ /es/obra/despertar/index.html (+88ms) 
23:26:54   ├─ /es/obra/capitalismo-vs-dinerismo/index.html (+56ms) 
23:26:54   ├─ /es/temas/lectura-existencia/index.html (+50ms) 
23:26:54   ├─ /es/obra/el-dios-en-que-yo-creo/index.html (+47ms) 
23:26:54   ├─ /es/temas/lectura-decisiones/index.html (+52ms) 
23:26:54   ├─ /es/obra/decision/index.html (+55ms) 
23:26:54   ├─ /es/temas/lectura-ficcion-filosofica/index.html (+56ms) 
23:26:54   ├─ /es/obra/evangelio-del-gato-negro/index.html (+58ms) 
23:26:54   ├─ /es/obra/improvisado/index.html (+56ms) 
23:26:54   ├─ /es/obra/susurros-en-la-oscuridad/index.html (+49ms) 
23:26:54   ├─ /es/temas/lectura-tiempo/index.html (+58ms) 
23:26:54   ├─ /es/obra/enfermera/index.html (+57ms) 
23:26:54   ├─ /es/temas/lectura-choque-cultural/index.html (+63ms) 
23:26:54   ├─ /es/obra/especialista-en-latam/index.html (+50ms) 
23:26:55   ├─ /es/temas/lectura-solidaridad/index.html (+46ms) 
23:26:55   ├─ /es/obra/la-partera/index.html (+54ms) 
23:26:55   ├─ /es/temas/lectura-gastronomia/index.html (+51ms) 
23:26:55   ├─ /es/obra/se-estan-comiendo-que/index.html (+67ms) 
23:26:55   ├─ /es/temas/lectura-inteligencia-artificial/index.html (+57ms) 
23:26:55   ├─ /es/temas/lectura-coexistencia/index.html (+47ms) 
23:26:55   ├─ /es/obra/debate-para-incidente-io-8c9beaf3b0-e/index.html (+51ms) 
23:26:55   ├─ /es/temas/lectura-guerra/index.html (+56ms) 
23:26:55   ├─ /es/obra/barbacoa-de-uma-estilo-culiacan/index.html (+46ms) 
23:26:55   ├─ /es/temas/lectura-primer-contacto/index.html (+45ms) 
23:26:55   ├─ /es/temas/lectura-diplomacia/index.html (+71ms) 
23:26:55   ├─ /es/obra/mi-primera-chamba-galactica/index.html (+64ms) 
23:26:55   ├─ /es/temas/lectura-tradiciones/index.html (+48ms) 
23:26:55   ├─ /es/obra/porque-los-brancianos-le-temen-a-las-pinatas/index.html (+60ms) 
23:26:55   ├─ /es/obra/mariachis-de-bolsillo/index.html (+54ms) 
23:26:55   ├─ /es/temas/lectura-competencia/index.html (+55ms) 
23:26:55   ├─ /es/obra/sayula-iii/index.html (+60ms) 
23:26:55   ├─ /es/obra/horda-latam/index.html (+65ms) 
23:26:56   ├─ /es/temas/lectura-pertenencia/index.html (+58ms) 
23:26:56   ├─ /es/obra/extraviado/index.html (+44ms) 
23:26:56   ├─ /es/temas/lectura-arte/index.html (+60ms) 
23:26:56   ├─ /es/temas/lectura-legado/index.html (+54ms) 
23:26:56   ├─ /es/obra/legado/index.html (+52ms) 
23:26:56   ├─ /es/temas/lectura-discriminacion/index.html (+54ms) 
23:26:56   ├─ /es/temas/lectura-cuerpo/index.html (+53ms) 
23:26:56   ├─ /es/obra/ellos-marcaban-sus-cuerpos/index.html (+55ms) 
23:26:56   ├─ /es/obra/se-solicita-ingeniero-ftl-humano/index.html (+48ms) 
23:26:56   ├─ /index.html (+21ms) 
23:26:56 ✓ Completed in 25.29s.

23:26:56 [build] ✓ Completed in 26.39s.
23:26:56 [@astrojs/sitemap] `sitemap-index.xml` created at `.effects-off-dist`
Publicación: 319 contenidos, 638 exportaciones, catálogo, llms.txt, robots y migración Netlify.
Pagefind: 311 documentos en /; idiomas y filtros desde contenido público.
23:26:57 [build] 337 page(s) built in 27.88s
23:26:57 [build] Complete!
Sin efectos: 337 páginas con el mismo contenido principal; mismo índice; sin módulos opcionales.
npm warn Unknown env config "always-auth". This will error in a future major version of npm. See `npm help npmrc` for supported config options.
npm warn Unknown user config "always-auth". This will stop working in the next major version of npm. See `npm help npmrc` for supported config options.
npm notice run paynalton.tech@0.0.1 test:e2e
npm notice run playwright test tests/shell.spec.ts tests/search.spec.ts
[WebServer] npm warn Unknown env config "always-auth". This will error in a future major version of npm. See `npm help npmrc` for supported config options.
[WebServer] npm warn Unknown user config "always-auth". This will stop working in the next major version of npm. See `npm help npmrc` for supported config options.
[WebServer] npm notice run paynalton.tech@0.0.1 preview
[WebServer] npm notice run astro preview --host 127.0.0.1 --port 4331 --ignore-lock
[WebServer] (node:1126755) Warning: The 'NO_COLOR' env is ignored due to the 'FORCE_COLOR' env being set.
[WebServer] (Use `node --trace-warnings ...` to show where the warning was created)

Running 30 tests using 2 workers

(node:1126854) Warning: The 'NO_COLOR' env is ignored due to the 'FORCE_COLOR' env being set.
(Use `node --trace-warnings ...` to show where the warning was created)
(node:1126853) Warning: The 'NO_COLOR' env is ignored due to the 'FORCE_COLOR' env being set.
(Use `node --trace-warnings ...` to show where the warning was created)
  ✓   2 [desktop] › tests/search.spec.ts:21:1 › zero results, unknown filters, hostile query and keyboard access (1.1s)
  ✓   1 [desktop] › tests/search.spec.ts:6:1 › full body search, type and topic filters, shareable URL, history and clear (1.9s)
  ✓   4 [desktop] › tests/search.spec.ts:36:1 › late searches cannot replace a newer query or filters (353ms)
  ✓   5 [desktop] › tests/search.spec.ts:42:1 › index loads only when searching, requests stay local, and 320px zoom fits (436ms)
  ✓   3 [desktop] › tests/search.spec.ts:29:1 › failed index keeps HTML links and retry recovers with filters intact (2.1s)
  ✓   6 [desktop] › tests/search.spec.ts:49:1 › editorial topics connect to content and filtered exploration (2.9s)
  ✓   8 [desktop] › tests/shell.spec.ts:31:1 › skip, mobile menu, dialog Escape and focus return (603ms)
  ✓   9 [desktop] › tests/shell.spec.ts:54:1 › global search, query history and literal malicious input (556ms)
  ✓  10 [desktop] › tests/shell.spec.ts:72:1 › preferences persist, honor reduced motion and pass accessibility (806ms)
  ✓  11 [desktop] › tests/shell.spec.ts:89:1 › blocked storage keeps controls usable without script errors (195ms)
  ✓  12 [desktop] › tests/shell.spec.ts:100:1 › without JavaScript: navigation, search alternatives, root and 404 (470ms)
  ✓  13 [desktop] › tests/shell.spec.ts:116:1 › 320px and enlarged text preserve menu, preferences and dialog (257ms)
  ✓  14 [desktop] › tests/shell.spec.ts:125:1 › expanded labels and RTL keep the shared frame usable (190ms)
  ✓  15 [desktop] › tests/shell.spec.ts:138:1 › preference changes synchronize with another tab (285ms)
(node:1128109) Warning: The 'NO_COLOR' env is ignored due to the 'FORCE_COLOR' env being set.
(Use `node --trace-warnings ...` to show where the warning was created)
  ✓  16 [mobile] › tests/search.spec.ts:6:1 › full body search, type and topic filters, shareable URL, history and clear (1.9s)
  ✓   7 [desktop] › tests/shell.spec.ts:6:1 › new routes: accessible shell, real links, local assets and no overflow (9.0s)
  ✓  17 [mobile] › tests/search.spec.ts:21:1 › zero results, unknown filters, hostile query and keyboard access (967ms)
(node:1128408) Warning: The 'NO_COLOR' env is ignored due to the 'FORCE_COLOR' env being set.
(Use `node --trace-warnings ...` to show where the warning was created)
  ✓  18 [mobile] › tests/search.spec.ts:36:1 › late searches cannot replace a newer query or filters (376ms)
  ✓  20 [mobile] › tests/search.spec.ts:42:1 › index loads only when searching, requests stay local, and 320px zoom fits (467ms)
  ✓  19 [mobile] › tests/search.spec.ts:29:1 › failed index keeps HTML links and retry recovers with filters intact (2.1s)
  ✓  21 [mobile] › tests/search.spec.ts:49:1 › editorial topics connect to content and filtered exploration (5.3s)
  ✓  23 [mobile] › tests/shell.spec.ts:31:1 › skip, mobile menu, dialog Escape and focus return (732ms)
  ✓  24 [mobile] › tests/shell.spec.ts:54:1 › global search, query history and literal malicious input (537ms)
  ✓  25 [mobile] › tests/shell.spec.ts:72:1 › preferences persist, honor reduced motion and pass accessibility (725ms)
  ✓  26 [mobile] › tests/shell.spec.ts:89:1 › blocked storage keeps controls usable without script errors (210ms)
  ✓  27 [mobile] › tests/shell.spec.ts:100:1 › without JavaScript: navigation, search alternatives, root and 404 (514ms)
  ✓  28 [mobile] › tests/shell.spec.ts:116:1 › 320px and enlarged text preserve menu, preferences and dialog (251ms)
  ✓  29 [mobile] › tests/shell.spec.ts:125:1 › expanded labels and RTL keep the shared frame usable (227ms)
  ✓  30 [mobile] › tests/shell.spec.ts:138:1 › preference changes synchronize with another tab (283ms)
  ✓  22 [mobile] › tests/shell.spec.ts:6:1 › new routes: accessible shell, real links, local assets and no overflow (8.9s)

  30 passed (25.1s)
npm warn Unknown env config "always-auth". This will error in a future major version of npm. See `npm help npmrc` for supported config options.
npm warn Unknown user config "always-auth". This will stop working in the next major version of npm. See `npm help npmrc` for supported config options.
npm notice run paynalton.tech@0.0.1 test:performance
npm notice run node scripts/check-performance.mjs
Lighthouse diagnostic complete: /es/
Lighthouse diagnostic complete: /es/proyectos/pipila/
Lighthouse diagnostic complete: /es/obra/
Lighthouse diagnostic complete: /es/obra/el-estupor-mexicano/
npm warn Unknown env config "always-auth". This will error in a future major version of npm. See `npm help npmrc` for supported config options.
npm warn Unknown user config "always-auth". This will stop working in the next major version of npm. See `npm help npmrc` for supported config options.
npm notice run paynalton.tech@0.0.1 record:candidate
npm notice run node scripts/record-candidate.mjs
Candidato local: 0710076011618451d69f7c294d6a72fac5d3c80167fcaa4db18c48e9b38ff963; 1467 archivos. No es una aprobación de publicación.
